market,side,metric,bin_low,bin_high,bin_label,bets,wins,losses,pushes,win_rate,profit_units,roi_per_unit_risk,avg_metric_value
moneyline,AWAY,ev,-0.9,-0.85,-0.90 to -0.85,4,0,4,0,0.0,-4.0,-1.0,-0.8730820255631282
moneyline,AWAY,ev,-0.8500000000000001,-0.8,-0.85 to -0.80,4,0,4,0,0.0,-4.0,-1.0,-0.8100918912027808
moneyline,AWAY,ev,-0.8,-0.75,-0.80 to -0.75,4,0,3,1,0.0,-3.0,-0.75,-0.7677695737754325
moneyline,AWAY,ev,-0.75,-0.7,-0.75 to -0.70,17,0,17,0,0.0,-17.0,-1.0,-0.7258624538160914
moneyline,AWAY,ev,-0.7000000000000001,-0.65,-0.70 to -0.65,15,0,15,0,0.0,-15.0,-1.0,-0.6832132292238134
moneyline,AWAY,ev,-0.65,-0.6,-0.65 to -0.60,22,1,21,0,0.045454545454545456,-20.696969696969695,-0.9407713498622589,-0.622811724794622
moneyline,AWAY,ev,-0.6000000000000001,-0.55,-0.60 to -0.55,36,2,34,0,0.05555555555555555,-22.9,-0.6361111111111111,-0.5721222656478093
moneyline,AWAY,ev,-0.55,-0.5,-0.55 to -0.50,40,1,39,0,0.025,-37.55,-0.93875,-0.5204351089132737
moneyline,AWAY,ev,-0.5,-0.45,-0.50 to -0.45,48,5,43,0,0.10416666666666667,-12.55,-0.26145833333333335,-0.4724553062495945
moneyline,AWAY,ev,-0.45,-0.4,-0.45 to -0.40,63,6,56,1,0.0967741935483871,-29.1,-0.46190476190476193,-0.42281815057136285
moneyline,AWAY,ev,-0.4,-0.35000000000000003,-0.40 to -0.35,70,12,58,0,0.17142857142857143,-20.239459815546773,-0.28913514022209674,-0.3754375168461516
moneyline,AWAY,ev,-0.35000000000000003,-0.30000000000000004,-0.35 to -0.30,90,19,71,0,0.2111111111111111,4.164285714285715,0.04626984126984127,-0.3231690347054598
moneyline,AWAY,ev,-0.30000000000000004,-0.25000000000000006,-0.30 to -0.25,115,24,89,2,0.21238938053097345,-18.932024989249022,-0.16462630425433933,-0.27493921689633655
moneyline,AWAY,ev,-0.25,-0.2,-0.25 to -0.20,172,59,112,1,0.34502923976608185,4.470797429718697,0.025993008312318006,-0.22212319130462205
moneyline,AWAY,ev,-0.2,-0.15000000000000002,-0.20 to -0.15,290,108,182,0,0.3724137931034483,-42.85209469004719,-0.1477658437587834,-0.1747727140826245
moneyline,AWAY,ev,-0.15000000000000002,-0.10000000000000002,-0.15 to -0.10,359,155,198,6,0.43909348441926344,-29.5738635385011,-0.08237844996796964,-0.12272449347662584
moneyline,AWAY,ev,-0.1,-0.05,-0.10 to -0.05,545,272,269,4,0.5027726432532348,-71.87434860472953,-0.13187953872427438,-0.07319830972869136
moneyline,AWAY,ev,-0.05,0.0,-0.05 to 0.00,660,382,272,6,0.5840978593272171,-81.72082087802906,-0.1238194255727713,-0.025545086089881874
moneyline,AWAY,ev,0.0,0.05,0.00 to 0.05,420,216,200,4,0.5192307692307693,4.216330640120917,0.010038882476478375,0.021538803002327286
moneyline,AWAY,ev,0.05,0.1,0.05 to 0.10,216,90,123,3,0.4225352112676056,7.061375043495966,0.03269155112729614,0.07253400102189429
moneyline,AWAY,ev,0.1,0.15000000000000002,0.10 to 0.15,136,47,88,1,0.34814814814814815,5.206133789447829,0.038280395510645805,0.12337592388009021
moneyline,AWAY,ev,0.15000000000000002,0.2,0.15 to 0.20,102,28,73,1,0.27722772277227725,-16.423205845718744,-0.16101182201685044,0.17046201789784132
moneyline,AWAY,ev,0.2,0.25,0.20 to 0.25,60,11,48,1,0.1864406779661017,-19.319607843137256,-0.32199346405228757,0.22389661450447798
moneyline,AWAY,ev,0.25,0.3,0.25 to 0.30,46,6,40,0,0.13043478260869565,-23.985714285714288,-0.5214285714285715,0.27598271111548145
moneyline,AWAY,ev,0.30000000000000004,0.35000000000000003,0.30 to 0.35,48,8,40,0,0.16666666666666666,-11.96,-0.24916666666666668,0.3233585934306029
moneyline,AWAY,ev,0.35000000000000003,0.4,0.35 to 0.40,23,5,18,0,0.21739130434782608,-7.9,-0.34347826086956523,0.3744453345521733
moneyline,AWAY,ev,0.4,0.45,0.40 to 0.45,16,6,10,0,0.375,7.750000000000001,0.48437500000000006,0.4225390234628047
moneyline,AWAY,ev,0.45,0.5,0.45 to 0.50,13,2,11,0,0.15384615384615385,-3.5,-0.2692307692307692,0.47161259733033123
moneyline,AWAY,ev,0.5,0.55,0.50 to 0.55,7,2,5,0,0.2857142857142857,8.6,1.2285714285714284,0.523821973285431
moneyline,AWAY,ev,0.55,0.6000000000000001,0.55 to 0.60,6,1,5,0,0.16666666666666666,-0.5,-0.08333333333333333,0.584908973718739
moneyline,AWAY,ev,0.6000000000000001,0.6500000000000001,0.60 to 0.65,8,2,6,0,0.25,9.3,1.1625,0.6279359285892612
moneyline,AWAY,ev,0.65,0.7000000000000001,0.65 to 0.70,4,1,3,0,0.25,0.3999999999999999,0.09999999999999998,0.6692942333165535
moneyline,AWAY,ev,0.7000000000000001,0.7500000000000001,0.70 to 0.75,2,0,2,0,0.0,-2.0,-1.0,0.7361607950470481
moneyline,AWAY,ev,0.75,0.8,0.75 to 0.80,2,0,2,0,0.0,-2.0,-1.0,0.7624726237052171
moneyline,AWAY,ev,0.8,0.8500000000000001,0.80 to 0.85,7,1,6,0,0.14285714285714285,19.0,2.7142857142857144,0.821304381886806
moneyline,AWAY,ev,0.8500000000000001,0.9000000000000001,0.85 to 0.90,2,0,2,0,0.0,-2.0,-1.0,0.8755412576749713
moneyline,AWAY,ev,0.9500000000000001,1.0,0.95 to 1.00,1,0,1,0,0.0,-1.0,-1.0,0.9769487256387713
moneyline,AWAY,ev,1.1500000000000001,1.2000000000000002,1.15 to 1.20,1,0,1,0,0.0,-1.0,-1.0,1.1543971161202449
moneyline,AWAY,ev,1.35,1.4000000000000001,1.35 to 1.40,1,0,1,0,0.0,-1.0,-1.0,1.3906286901871292
moneyline,AWAY,ev,2.2,2.25,2.20 to 2.25,1,0,1,0,0.0,-1.0,-1.0,2.233577787499078
moneyline,AWAY,kelly,0.0,0.05,0.00 to 0.05,3158,1248,1883,27,0.3985946981794954,-449.8686537659281,-0.14245365857059156,0.00441898050096679
moneyline,AWAY,kelly,0.05,0.1,0.05 to 0.10,274,104,167,3,0.3837638376383764,-1.7575124399162783,-0.006414278977796636,0.07073631498819423
moneyline,AWAY,kelly,0.1,0.15000000000000002,0.10 to 0.15,132,60,71,1,0.4580152671755725,3.7727369799095962,0.02858134075689088,0.12321106965114627
moneyline,AWAY,kelly,0.15000000000000002,0.2,0.15 to 0.20,52,30,22,0,0.5769230769230769,7.934077933462641,0.15257842179735848,0.17449004843765203
moneyline,AWAY,kelly,0.2,0.25,0.20 to 0.25,31,13,18,0,0.41935483870967744,-8.225123713109754,-0.26532657139063726,0.2228218696643504
moneyline,AWAY,kelly,0.25,0.3,0.25 to 0.30,13,7,6,0,0.5384615384615384,-2.7377318248790625,-0.2105947557599279,0.27346857083418086
moneyline,AWAY,kelly,0.30000000000000004,0.35000000000000003,0.30 to 0.35,9,5,4,0,0.5555555555555556,-2.8925485056804097,-0.3213942784089344,0.31749652313141324
moneyline,AWAY,kelly,0.35000000000000003,0.4,0.35 to 0.40,2,1,1,0,0.5,-0.6153846153846154,-0.3076923076923077,0.36598244196440044
moneyline,AWAY,kelly,0.4,0.45,0.40 to 0.45,4,3,1,0,0.75,-0.04404761904761902,-0.011011904761904756,0.41139215919663463
moneyline,AWAY,kelly,0.45,0.5,0.45 to 0.50,1,1,0,0,1.0,0.025,0.025,0.4572288241101446
moneyline,AWAY,odds_american,-50000.0,-49950.0,-50000 to <-49950,2,2,0,0,1.0,0.004,0.002,-50000.0
moneyline,AWAY,odds_american,-20000.0,-19950.0,-20000 to <-19950,2,2,0,0,1.0,0.01,0.005,-20000.0
moneyline,AWAY,odds_american,-10000.0,-9950.0,-10000 to <-9950,5,5,0,0,1.0,0.05,0.01,-10000.0
moneyline,AWAY,odds_american,-9000.0,-8950.0,-9000 to <-8950,2,2,0,0,1.0,0.022222222222222223,0.011111111111111112,-9000.0
moneyline,AWAY,odds_american,-8000.0,-7950.0,-8000 to <-7950,1,1,0,0,1.0,0.0125,0.0125,-8000.0
moneyline,AWAY,odds_american,-7500.0,-7450.0,-7500 to <-7450,1,1,0,0,1.0,0.013333333333333334,0.013333333333333334,-7500.0
moneyline,AWAY,odds_american,-6500.0,-6450.0,-6500 to <-6450,2,2,0,0,1.0,0.03076923076923077,0.015384615384615385,-6500.0
moneyline,AWAY,odds_american,-6000.0,-5950.0,-6000 to <-5950,2,2,0,0,1.0,0.03333333333333333,0.016666666666666666,-6000.0
moneyline,AWAY,odds_american,-5000.0,-4950.0,-5000 to <-4950,4,3,1,0,0.75,-0.94,-0.235,-5000.0
moneyline,AWAY,odds_american,-4500.0,-4450.0,-4500 to <-4450,6,6,0,0,1.0,0.13333333333333333,0.022222222222222223,-4500.0
moneyline,AWAY,odds_american,-4000.0,-3950.0,-4000 to <-3950,5,4,1,0,0.8,-0.9,-0.18,-4000.0
moneyline,AWAY,odds_american,-3600.0,-3550.0,-3600 to <-3550,1,1,0,0,1.0,0.027777777777777776,0.027777777777777776,-3600.0
moneyline,AWAY,odds_american,-3500.0,-3450.0,-3500 to <-3450,6,6,0,0,1.0,0.17142857142857143,0.02857142857142857,-3500.0
moneyline,AWAY,odds_american,-3300.0,-3250.0,-3300 to <-3250,1,1,0,0,1.0,0.030303030303030304,0.030303030303030304,-3300.0
moneyline,AWAY,odds_american,-3000.0,-2950.0,-3000 to <-2950,6,6,0,0,1.0,0.19999999999999998,0.03333333333333333,-3000.0
moneyline,AWAY,odds_american,-2800.0,-2750.0,-2800 to <-2750,4,3,1,0,0.75,-0.8928571428571429,-0.22321428571428573,-2800.0
moneyline,AWAY,odds_american,-2500.0,-2450.0,-2500 to <-2450,7,6,1,0,0.8571428571428571,-0.76,-0.10857142857142857,-2500.0
moneyline,AWAY,odds_american,-2400.0,-2350.0,-2400 to <-2350,8,8,0,0,1.0,0.3333333333333333,0.041666666666666664,-2400.0
moneyline,AWAY,odds_american,-2200.0,-2150.0,-2200 to <-2150,1,1,0,0,1.0,0.045454545454545456,0.045454545454545456,-2200.0
moneyline,AWAY,odds_american,-2100.0,-2050.0,-2100 to <-2050,3,2,1,0,0.6666666666666666,-0.9047619047619047,-0.30158730158730157,-2100.0
moneyline,AWAY,odds_american,-2000.0,-1950.0,-2000 to <-1950,2,1,1,0,0.5,-0.95,-0.475,-2000.0
moneyline,AWAY,odds_american,-1800.0,-1750.0,-1800 to <-1750,12,10,2,0,0.8333333333333334,-1.4444444444444442,-0.12037037037037035,-1800.0
moneyline,AWAY,odds_american,-1750.0,-1700.0,-1750 to <-1700,2,2,0,0,1.0,0.11428571428571428,0.05714285714285714,-1750.0
moneyline,AWAY,odds_american,-1650.0,-1600.0,-1650 to <-1600,2,2,0,0,1.0,0.12121212121212122,0.06060606060606061,-1650.0
moneyline,AWAY,odds_american,-1600.0,-1550.0,-1600 to <-1550,6,6,0,0,1.0,0.375,0.0625,-1600.0
moneyline,AWAY,odds_american,-1500.0,-1450.0,-1500 to <-1450,3,3,0,0,1.0,0.2,0.06666666666666667,-1500.0
moneyline,AWAY,odds_american,-1450.0,-1400.0,-1450 to <-1400,2,2,0,0,1.0,0.13793103448275862,0.06896551724137931,-1450.0
moneyline,AWAY,odds_american,-1400.0,-1350.0,-1400 to <-1350,9,9,0,0,1.0,0.6493506493506493,0.07215007215007214,-1386.111111111111
moneyline,AWAY,odds_american,-1350.0,-1300.0,-1350 to <-1300,2,2,0,0,1.0,0.14814814814814814,0.07407407407407407,-1350.0
moneyline,AWAY,odds_american,-1250.0,-1200.0,-1250 to <-1200,4,3,1,0,0.75,-0.76,-0.19,-1250.0
moneyline,AWAY,odds_american,-1200.0,-1150.0,-1200 to <-1150,8,6,2,0,0.75,-1.5,-0.1875,-1200.0
moneyline,AWAY,odds_american,-1150.0,-1100.0,-1150 to <-1100,3,2,1,0,0.6666666666666666,-0.8222222222222222,-0.2740740740740741,-1133.3333333333333
moneyline,AWAY,odds_american,-1100.0,-1050.0,-1100 to <-1050,1,1,0,0,1.0,0.09090909090909091,0.09090909090909091,-1100.0
moneyline,AWAY,odds_american,-1050.0,-1000.0,-1050 to <-1000,3,3,0,0,1.0,0.2857142857142857,0.09523809523809523,-1050.0
moneyline,AWAY,odds_american,-1000.0,-950.0,-1000 to <-950,10,9,1,0,0.9,-0.09999999999999992,-0.009999999999999992,-1000.0
moneyline,AWAY,odds_american,-950.0,-900.0,-950 to <-900,2,2,0,0,1.0,0.21052631578947367,0.10526315789473684,-950.0
moneyline,AWAY,odds_american,-900.0,-850.0,-900 to <-850,16,16,0,0,1.0,1.7777777777777777,0.1111111111111111,-900.0
moneyline,AWAY,odds_american,-850.0,-800.0,-850 to <-800,8,8,0,0,1.0,0.9411764705882353,0.11764705882352941,-850.0
moneyline,AWAY,odds_american,-800.0,-750.0,-800 to <-750,17,17,0,0,1.0,2.144736842105263,0.1261609907120743,-792.9411764705883
moneyline,AWAY,odds_american,-750.0,-700.0,-750 to <-700,15,12,3,0,0.8,-1.3787356321839084,-0.09191570881226056,-739.0
moneyline,AWAY,odds_american,-700.0,-650.0,-700 to <-650,31,26,5,0,0.8387096774193549,-1.2275132275132281,-0.039597200887523484,-689.516129032258
moneyline,AWAY,odds_american,-650.0,-600.0,-650 to <-600,22,19,3,0,0.8636363636363636,-0.04380952380952363,-0.001991341991341983,-641.8181818181819
moneyline,AWAY,odds_american,-600.0,-550.0,-600 to <-550,33,27,6,0,0.8181818181818182,-1.398153223630316,-0.04236827950394897,-588.030303030303
moneyline,AWAY,odds_american,-550.0,-500.0,-550 to <-500,35,29,6,0,0.8285714285714286,-0.6070623327357787,-0.017344638078165105,-536.8571428571429
moneyline,AWAY,odds_american,-500.0,-450.0,-500 to <-450,40,27,13,0,0.675,-7.453296631079277,-0.18633241577698192,-487.625
moneyline,AWAY,odds_american,-450.0,-400.0,-450 to <-400,64,47,17,0,0.734375,-6.086238379440774,-0.09509747467876209,-431.171875
moneyline,AWAY,odds_american,-400.0,-350.0,-400 to <-350,73,53,20,0,0.726027397260274,-5.902090775638407,-0.08085055857038914,-375.75342465753425
moneyline,AWAY,odds_american,-350.0,-300.0,-350 to <-300,68,53,15,0,0.7794117647058824,1.2754573425340598,0.01875672562550088,-325.44117647058823
moneyline,AWAY,odds_american,-300.0,-250.0,-300 to <-250,129,90,39,0,0.6976744186046512,-6.818144174266143,-0.052853830808264675,-279.13178294573646
moneyline,AWAY,odds_american,-250.0,-200.0,-250 to <-200,154,93,60,1,0.6078431372549019,-19.051061448591874,-0.12370819122462255,-227.87012987012986
moneyline,AWAY,odds_american,-200.0,-150.0,-200 to <-150,207,123,81,3,0.6029411764705882,-11.37404900937755,-0.05494709666365966,-176.16425120772948
moneyline,AWAY,odds_american,-150.0,-100.0,-150 to <-100,343,178,157,8,0.5313432835820896,-16.884762002207324,-0.04922671137669774,-128.2069970845481
moneyline,AWAY,odds_american,100.0,150.0,100 to <150,454,197,250,7,0.4407158836689038,-14.34,-0.03158590308370044,120.94493392070484
moneyline,AWAY,odds_american,150.0,200.0,150 to <200,302,105,195,2,0.35,-16.51,-0.05466887417218544,170.16556291390728
moneyline,AWAY,odds_american,200.0,250.0,200 to <250,219,57,160,2,0.2626728110599078,-32.55,-0.14863013698630137,221.39269406392694
moneyline,AWAY,odds_american,250.0,300.0,250 to <300,162,43,119,0,0.2654320987654321,-2.499999999999999,-0.015432098765432093,274.75308641975306
moneyline,AWAY,odds_american,300.0,350.0,300 to <350,125,29,95,1,0.23387096774193547,-1.7999999999999985,-0.014399999999999987,319.12
moneyline,AWAY,odds_american,350.0,400.0,350 to <400,105,20,84,1,0.19230769230769232,-9.6,-0.09142857142857143,368.85714285714283
moneyline,AWAY,odds_american,400.0,450.0,400 to <450,88,14,74,0,0.1590909090909091,-15.55,-0.17670454545454548,417.04545454545456
moneyline,AWAY,odds_american,450.0,500.0,450 to <500,83,13,69,1,0.15853658536585366,-8.400000000000002,-0.10120481927710846,465.1807228915663
moneyline,AWAY,odds_american,500.0,550.0,500 to <550,68,10,58,0,0.14705882352941177,-7.050000000000001,-0.1036764705882353,507.94117647058823
moneyline,AWAY,odds_american,550.0,600.0,550 to <600,58,4,54,0,0.06896551724137931,-32.0,-0.5517241379310345,558.1896551724138
moneyline,AWAY,odds_american,600.0,650.0,600 to <650,52,3,47,2,0.06,-29.0,-0.5576923076923077,605.7692307692307
moneyline,AWAY,odds_american,650.0,700.0,650 to <700,21,2,19,0,0.09523809523809523,-6.0,-0.2857142857142857,654.7619047619048
moneyline,AWAY,odds_american,700.0,750.0,700 to <750,31,1,30,0,0.03225806451612903,-23.0,-0.7419354838709677,700.0
moneyline,AWAY,odds_american,750.0,800.0,750 to <800,36,3,33,0,0.08333333333333333,-10.5,-0.2916666666666667,750.0
moneyline,AWAY,odds_american,800.0,850.0,800 to <850,41,5,35,1,0.125,5.0,0.12195121951219512,800.0
moneyline,AWAY,odds_american,850.0,900.0,850 to <900,25,3,22,0,0.12,3.5,0.14,850.0
moneyline,AWAY,odds_american,900.0,950.0,900 to <950,35,3,32,0,0.08571428571428572,-5.0,-0.14285714285714285,900.0
moneyline,AWAY,odds_american,950.0,1000.0,950 to <1000,14,1,13,0,0.07142857142857142,-3.5,-0.25,950.0
moneyline,AWAY,odds_american,1000.0,1050.0,1000 to <1050,37,5,32,0,0.13513513513513514,18.0,0.4864864864864865,1000.0
moneyline,AWAY,odds_american,1100.0,1150.0,1100 to <1150,30,3,26,1,0.10344827586206896,7.0,0.23333333333333334,1100.0
moneyline,AWAY,odds_american,1200.0,1250.0,1200 to <1250,37,0,37,0,0.0,-37.0,-1.0,1200.0
moneyline,AWAY,odds_american,1300.0,1350.0,1300 to <1350,49,3,46,0,0.061224489795918366,-7.0,-0.14285714285714285,1300.0
moneyline,AWAY,odds_american,1400.0,1450.0,1400 to <1450,13,0,13,0,0.0,-13.0,-1.0,1400.0
moneyline,AWAY,odds_american,1500.0,1550.0,1500 to <1550,35,1,34,0,0.02857142857142857,-19.0,-0.5428571428571428,1500.0
moneyline,AWAY,odds_american,1600.0,1650.0,1600 to <1650,10,0,10,0,0.0,-10.0,-1.0,1600.0
moneyline,AWAY,odds_american,1700.0,1750.0,1700 to <1750,11,1,10,0,0.09090909090909091,7.0,0.6363636363636364,1700.0
moneyline,AWAY,odds_american,1800.0,1850.0,1800 to <1850,21,0,21,0,0.0,-21.0,-1.0,1800.0
moneyline,AWAY,odds_american,2000.0,2050.0,2000 to <2050,32,0,32,0,0.0,-32.0,-1.0,2000.0
moneyline,AWAY,odds_american,2200.0,2250.0,2200 to <2250,13,0,13,0,0.0,-13.0,-1.0,2200.0
moneyline,AWAY,odds_american,2500.0,2550.0,2500 to <2550,23,1,22,0,0.043478260869565216,3.0,0.13043478260869565,2500.0
moneyline,AWAY,odds_american,3000.0,3050.0,3000 to <3050,18,0,18,0,0.0,-18.0,-1.0,3000.0
moneyline,AWAY,odds_american,3300.0,3350.0,3300 to <3350,3,0,3,0,0.0,-3.0,-1.0,3300.0
moneyline,AWAY,odds_american,3500.0,3550.0,3500 to <3550,12,0,11,1,0.0,-11.0,-0.9166666666666666,3500.0
moneyline,AWAY,odds_american,4000.0,4050.0,4000 to <4050,18,0,18,0,0.0,-18.0,-1.0,4000.0
moneyline,AWAY,win_probability,0.0,0.05,0.00 to 0.05,244,3,239,2,0.012396694214876033,-205.0,-0.8401639344262295,0.02861665883673408
moneyline,AWAY,win_probability,0.05,0.1,0.05 to 0.10,252,24,227,1,0.09561752988047809,4.800000000000001,0.01904761904761905,0.07468893184691576
moneyline,AWAY,win_probability,0.1,0.15000000000000002,0.10 to 0.15,241,34,204,3,0.14285714285714285,-12.699999999999996,-0.05269709543568463,0.12384535304340764
moneyline,AWAY,win_probability,0.15000000000000002,0.2,0.15 to 0.20,229,32,197,0,0.13973799126637554,-76.55,-0.3342794759825327,0.17404429275970904
moneyline,AWAY,win_probability,0.2,0.25,0.20 to 0.25,189,46,143,0,0.24338624338624337,-4.749999999999998,-0.025132275132275124,0.2251410535782861
moneyline,AWAY,win_probability,0.25,0.3,0.25 to 0.30,224,53,168,3,0.2398190045248869,-35.7969696969697,-0.15980790043290044,0.27458924929431394
moneyline,AWAY,win_probability,0.30000000000000004,0.35000000000000003,0.30 to 0.35,231,62,169,0,0.2683982683982684,-39.26090909090909,-0.16996064541519085,0.3244537638786371
moneyline,AWAY,win_probability,0.35000000000000003,0.4,0.35 to 0.40,252,100,150,2,0.4,8.963333333333331,0.03556878306878306,0.3751195763797278
moneyline,AWAY,win_probability,0.4,0.45,0.40 to 0.45,269,108,156,5,0.4090909090909091,-19.147470355731222,-0.07118018719602685,0.42449414742559766
moneyline,AWAY,win_probability,0.45,0.5,0.45 to 0.50,205,92,108,5,0.46,-11.561987388796545,-0.05639993848193437,0.4739971601777209
moneyline,AWAY,win_probability,0.5,0.55,0.50 to 0.55,175,93,81,1,0.5344827586206896,-4.460530553296586,-0.025488746018837632,0.5261877963159615
moneyline,AWAY,win_probability,0.55,0.6000000000000001,0.55 to 0.60,218,119,94,5,0.5586854460093896,-15.278393346983307,-0.07008437315129958,0.5743706064987897
moneyline,AWAY,win_probability,0.6000000000000001,0.6500000000000001,0.60 to 0.65,177,114,60,3,0.6551724137931034,-0.9985934912433496,-0.005641771136968077,0.6236868923399383
moneyline,AWAY,win_probability,0.65,0.7000000000000001,0.65 to 0.70,166,104,62,0,0.6265060240963856,-19.19229031884004,-0.11561620674000024,0.6752474408985614
moneyline,AWAY,win_probability,0.7000000000000001,0.7500000000000001,0.70 to 0.75,149,110,38,1,0.7432432432432432,-4.187904889814367,-0.02810674422694206,0.726711730376808
moneyline,AWAY,win_probability,0.75,0.8,0.75 to 0.80,133,97,36,0,0.7293233082706767,-11.427961705179392,-0.08592452409909317,0.7726698241201441
moneyline,AWAY,win_probability,0.8,0.8500000000000001,0.80 to 0.85,129,106,23,0,0.8217054263565892,-3.778394429835366,-0.02928987930104935,0.8232268606227311
moneyline,AWAY,win_probability,0.8500000000000001,0.9000000000000001,0.85 to 0.90,86,76,10,0,0.8837209302325582,-0.8741453868893836,-0.01016448124289981,0.8769289046970684
moneyline,AWAY,win_probability,0.9,0.9500000000000001,0.90 to 0.95,71,65,6,0,0.9154929577464789,-1.9215843575326337,-0.027064568415952586,0.9271975228079455
moneyline,AWAY,win_probability,0.9500000000000001,1.0,0.95 to 1.00,36,34,2,0,0.9444444444444444,-1.285385891885892,-0.035705163663497,0.9701069273164494
moneyline,HOME,ev,-0.8,-0.75,-0.80 to -0.75,1,0,1,0,0.0,-1.0,-1.0,-0.7617102154629911
moneyline,HOME,ev,-0.7000000000000001,-0.65,-0.70 to -0.65,4,0,4,0,0.0,-4.0,-1.0,-0.6707067696741483
moneyline,HOME,ev,-0.65,-0.6,-0.65 to -0.60,4,0,4,0,0.0,-4.0,-1.0,-0.6178817134866622
moneyline,HOME,ev,-0.6000000000000001,-0.55,-0.60 to -0.55,5,1,4,0,0.2,1.0,0.2,-0.5670837456018086
moneyline,HOME,ev,-0.55,-0.5,-0.55 to -0.50,5,0,5,0,0.0,-5.0,-1.0,-0.5283305365851826
moneyline,HOME,ev,-0.5,-0.45,-0.50 to -0.45,10,1,9,0,0.1,2.0,0.2,-0.4632504317416222
moneyline,HOME,ev,-0.45,-0.4,-0.45 to -0.40,13,2,11,0,0.15384615384615385,0.1499999999999999,0.011538461538461532,-0.4203576780788085
moneyline,HOME,ev,-0.4,-0.35000000000000003,-0.40 to -0.35,18,7,11,0,0.3888888888888889,2.3912715340442987,0.1328484185580166,-0.3700241416694812
moneyline,HOME,ev,-0.35000000000000003,-0.30000000000000004,-0.35 to -0.30,33,8,25,0,0.24242424242424243,-5.442857016338604,-0.16493506110116982,-0.3227474040534376
moneyline,HOME,ev,-0.30000000000000004,-0.25000000000000006,-0.30 to -0.25,70,23,47,0,0.32857142857142857,-5.8097826476878165,-0.08299689496696881,-0.2720179273980946
moneyline,HOME,ev,-0.25,-0.2,-0.25 to -0.20,98,25,73,0,0.25510204081632654,-46.4405769071872,-0.47388343782844083,-0.22396094964951294
moneyline,HOME,ev,-0.2,-0.15000000000000002,-0.20 to -0.15,187,100,85,2,0.5405405405405406,4.278158321404874,0.02287785198612232,-0.1704326324530744
moneyline,HOME,ev,-0.15000000000000002,-0.10000000000000002,-0.15 to -0.10,388,206,176,6,0.5392670157068062,-14.975607154146147,-0.038596925655015844,-0.12308029230776903
moneyline,HOME,ev,-0.1,-0.05,-0.10 to -0.05,639,396,237,6,0.6255924170616114,-26.53881132699611,-0.041531786114234914,-0.07365876406147062
moneyline,HOME,ev,-0.05,0.0,-0.05 to 0.00,1052,790,254,8,0.7567049808429118,-23.788989944383214,-0.022613108312151343,-0.02325379213166771
moneyline,HOME,ev,0.0,0.05,0.00 to 0.05,540,347,186,7,0.651031894934334,-25.162170553855866,-0.04659661213677012,0.02095683981773519
moneyline,HOME,ev,0.05,0.1,0.05 to 0.10,233,124,107,2,0.5367965367965368,20.560137201522238,0.08824093219537442,0.07175767217213927
moneyline,HOME,ev,0.1,0.15000000000000002,0.10 to 0.15,128,47,81,0,0.3671875,8.671365568729453,0.06774504350569885,0.12459299553425209
moneyline,HOME,ev,0.15000000000000002,0.2,0.15 to 0.20,84,44,40,0,0.5238095238095238,31.543977031617224,0.37552353609068123,0.17283261341433992
moneyline,HOME,ev,0.2,0.25,0.20 to 0.25,49,23,26,0,0.46938775510204084,14.279019129019128,0.2914085536534516,0.22482098138340711
moneyline,HOME,ev,0.25,0.3,0.25 to 0.30,38,13,25,0,0.34210526315789475,11.188235294117646,0.29442724458204333,0.28035106784602154
moneyline,HOME,ev,0.30000000000000004,0.35000000000000003,0.30 to 0.35,17,5,12,0,0.29411764705882354,7.809090909090908,0.4593582887700534,0.3279964300879468
moneyline,HOME,ev,0.35000000000000003,0.4,0.35 to 0.40,13,3,10,0,0.23076923076923078,-2.099999999999999,-0.16153846153846146,0.369956931588324
moneyline,HOME,ev,0.4,0.45,0.40 to 0.45,10,1,9,0,0.1,-6.4,-0.64,0.4215129157488618
moneyline,HOME,ev,0.45,0.5,0.45 to 0.50,7,1,6,0,0.14285714285714285,-4.2,-0.6,0.46521109311437453
moneyline,HOME,ev,0.5,0.55,0.50 to 0.55,4,1,3,0,0.25,-1.2,-0.3,0.5176378254760401
moneyline,HOME,ev,0.55,0.6000000000000001,0.55 to 0.60,1,0,1,0,0.0,-1.0,-1.0,0.5769966377438148
moneyline,HOME,ev,0.6000000000000001,0.6500000000000001,0.60 to 0.65,6,2,4,0,0.3333333333333333,2.45,0.4083333333333334,0.6157208525673653
moneyline,HOME,ev,0.65,0.7000000000000001,0.65 to 0.70,6,1,5,0,0.16666666666666666,-2.3,-0.3833333333333333,0.674028494402636
moneyline,HOME,ev,0.7000000000000001,0.7500000000000001,0.70 to 0.75,2,1,1,0,0.5,2.4,1.2,0.7273144414564423
moneyline,HOME,ev,0.75,0.8,0.75 to 0.80,3,0,3,0,0.0,-3.0,-1.0,0.7763396451768408
moneyline,HOME,ev,0.8,0.8500000000000001,0.80 to 0.85,1,0,1,0,0.0,-1.0,-1.0,0.8083428099276626
moneyline,HOME,ev,0.8500000000000001,0.9000000000000001,0.85 to 0.90,1,1,0,0,1.0,3.6,3.6,0.8875057619584603
moneyline,HOME,ev,1.1500000000000001,1.2000000000000002,1.15 to 1.20,1,0,1,0,0.0,-1.0,-1.0,1.1919276347863823
moneyline,HOME,ev,1.25,1.3,1.25 to 1.30,1,0,1,0,0.0,-1.0,-1.0,1.264787049582027
moneyline,HOME,ev,1.5,1.55,1.50 to 1.55,2,0,2,0,0.0,-2.0,-1.0,1.5178657705801841
moneyline,HOME,ev,1.6,1.6500000000000001,1.60 to 1.65,1,0,1,0,0.0,-1.0,-1.0,1.6293653833308435
moneyline,HOME,ev,1.75,1.8,1.75 to 1.80,1,0,1,0,0.0,-1.0,-1.0,1.7897171258445843
moneyline,HOME,kelly,0.0,0.05,0.00 to 0.05,2962,1753,1180,29,0.5976815547221275,-87.70783711660096,-0.02961101860790039,0.003502302584204044
moneyline,HOME,kelly,0.05,0.1,0.05 to 0.10,282,152,128,2,0.5428571428571428,9.742758347154316,0.03454878846508623,0.0727848318066399
moneyline,HOME,kelly,0.1,0.15000000000000002,0.10 to 0.15,178,92,86,0,0.5168539325842697,-3.1902567724049415,-0.017922790856207536,0.12412705223501228
moneyline,HOME,kelly,0.15000000000000002,0.2,0.15 to 0.20,88,52,36,0,0.5909090909090909,-3.3353787284725955,-0.0379020310053704,0.1742115582018213
moneyline,HOME,kelly,0.2,0.25,0.20 to 0.25,63,46,17,0,0.7301587301587301,10.607768411496806,0.16837727637296518,0.2252440114020332
moneyline,HOME,kelly,0.25,0.3,0.25 to 0.30,40,28,12,0,0.7,-0.5672464870699963,-0.014181162176749907,0.2760055480499985
moneyline,HOME,kelly,0.30000000000000004,0.35000000000000003,0.30 to 0.35,27,18,9,0,0.6666666666666666,-2.779294662260452,-0.1029368393429797,0.3243106035406202
moneyline,HOME,kelly,0.35000000000000003,0.4,0.35 to 0.40,13,12,1,0,0.9230769230769231,0.9267413301137165,0.07128779462413204,0.37182421942337973
moneyline,HOME,kelly,0.4,0.45,0.40 to 0.45,7,7,0,0,1.0,0.6141276267592057,0.08773251810845796,0.4255807525547781
moneyline,HOME,kelly,0.45,0.5,0.45 to 0.50,8,6,2,0,0.75,-1.1310504201680671,-0.1413813025210084,0.4739805911022852
moneyline,HOME,kelly,0.5,0.55,0.50 to 0.55,1,1,0,0,1.0,0.4166666666666667,0.4166666666666667,0.5039816845658721
moneyline,HOME,kelly,0.55,0.6000000000000001,0.55 to 0.60,4,3,1,0,0.75,-0.8045387562628941,-0.20113468906572352,0.5755005844788255
moneyline,HOME,kelly,0.6000000000000001,0.6500000000000001,0.60 to 0.65,2,2,0,0,1.0,0.09,0.045,0.6275376500324419
moneyline,HOME,kelly,0.75,0.8,0.75 to 0.80,1,1,0,0,1.0,0.08,0.08,0.7978057328589715
moneyline,HOME,odds_american,-100000.0,-99950.0,-100000 to <-99950,8,8,0,0,1.0,0.008,0.001,-100000.0
moneyline,HOME,odds_american,-50000.0,-49950.0,-50000 to <-49950,4,4,0,0,1.0,0.008,0.002,-50000.0
moneyline,HOME,odds_american,-20000.0,-19950.0,-20000 to <-19950,15,15,0,0,1.0,0.075,0.005,-20000.0
moneyline,HOME,odds_american,-15000.0,-14950.0,-15000 to <-14950,8,7,0,1,1.0,0.04666666666666667,0.005833333333333334,-15000.0
moneyline,HOME,odds_american,-10000.0,-9950.0,-10000 to <-9950,30,30,0,0,1.0,0.30000000000000004,0.010000000000000002,-10000.0
moneyline,HOME,odds_american,-9000.0,-8950.0,-9000 to <-8950,3,3,0,0,1.0,0.03333333333333333,0.011111111111111112,-9000.0
moneyline,HOME,odds_american,-8000.0,-7950.0,-8000 to <-7950,11,11,0,0,1.0,0.1375,0.0125,-8000.0
moneyline,HOME,odds_american,-7500.0,-7450.0,-7500 to <-7450,17,16,1,0,0.9411764705882353,-0.7866666666666667,-0.046274509803921574,-7500.0
moneyline,HOME,odds_american,-7000.0,-6950.0,-7000 to <-6950,1,1,0,0,1.0,0.014285714285714285,0.014285714285714285,-7000.0
moneyline,HOME,odds_american,-6500.0,-6450.0,-6500 to <-6450,11,11,0,0,1.0,0.16923076923076924,0.015384615384615385,-6500.0
moneyline,HOME,odds_american,-6000.0,-5950.0,-6000 to <-5950,4,4,0,0,1.0,0.06666666666666667,0.016666666666666666,-6000.0
moneyline,HOME,odds_american,-5000.0,-4950.0,-5000 to <-4950,32,32,0,0,1.0,0.64,0.02,-5000.0
moneyline,HOME,odds_american,-4500.0,-4450.0,-4500 to <-4450,14,13,1,0,0.9285714285714286,-0.711111111111111,-0.05079365079365079,-4500.0
moneyline,HOME,odds_american,-4000.0,-3950.0,-4000 to <-3950,43,42,1,0,0.9767441860465116,0.05000000000000009,0.0011627906976744208,-4000.0
moneyline,HOME,odds_american,-3800.0,-3750.0,-3800 to <-3750,2,2,0,0,1.0,0.05263157894736842,0.02631578947368421,-3800.0
moneyline,HOME,odds_american,-3600.0,-3550.0,-3600 to <-3550,4,4,0,0,1.0,0.1111111111111111,0.027777777777777776,-3600.0
moneyline,HOME,odds_american,-3500.0,-3450.0,-3500 to <-3450,17,17,0,0,1.0,0.4857142857142857,0.02857142857142857,-3500.0
moneyline,HOME,odds_american,-3300.0,-3250.0,-3300 to <-3250,2,2,0,0,1.0,0.06060606060606061,0.030303030303030304,-3300.0
moneyline,HOME,odds_american,-3200.0,-3150.0,-3200 to <-3150,5,5,0,0,1.0,0.15625,0.03125,-3200.0
moneyline,HOME,odds_american,-3000.0,-2950.0,-3000 to <-2950,22,21,1,0,0.9545454545454546,-0.30000000000000004,-0.01363636363636364,-3000.0
moneyline,HOME,odds_american,-2800.0,-2750.0,-2800 to <-2750,18,16,2,0,0.8888888888888888,-1.4285714285714284,-0.07936507936507936,-2800.0
moneyline,HOME,odds_american,-2500.0,-2450.0,-2500 to <-2450,21,20,1,0,0.9523809523809523,-0.2,-0.009523809523809525,-2500.0
moneyline,HOME,odds_american,-2400.0,-2350.0,-2400 to <-2350,14,14,0,0,1.0,0.5833333333333333,0.041666666666666664,-2400.0
moneyline,HOME,odds_american,-2200.0,-2150.0,-2200 to <-2150,3,1,1,1,0.5,-0.9545454545454546,-0.3181818181818182,-2200.0
moneyline,HOME,odds_american,-2100.0,-2050.0,-2100 to <-2050,11,10,1,0,0.9090909090909091,-0.5238095238095237,-0.04761904761904761,-2100.0
moneyline,HOME,odds_american,-2000.0,-1950.0,-2000 to <-1950,25,23,2,0,0.92,-0.8499999999999999,-0.033999999999999996,-2000.0
moneyline,HOME,odds_american,-1800.0,-1750.0,-1800 to <-1750,27,23,4,0,0.8518518518518519,-2.7222222222222228,-0.10082304526748974,-1800.0
moneyline,HOME,odds_american,-1750.0,-1700.0,-1750 to <-1700,8,8,0,0,1.0,0.45714285714285713,0.05714285714285714,-1750.0
moneyline,HOME,odds_american,-1650.0,-1600.0,-1650 to <-1600,6,5,1,0,0.8333333333333334,-0.696969696969697,-0.11616161616161617,-1650.0
moneyline,HOME,odds_american,-1600.0,-1550.0,-1600 to <-1550,31,28,3,0,0.9032258064516129,-1.25,-0.04032258064516129,-1600.0
moneyline,HOME,odds_american,-1500.0,-1450.0,-1500 to <-1450,16,14,2,0,0.875,-1.0666666666666669,-0.06666666666666668,-1500.0
moneyline,HOME,odds_american,-1450.0,-1400.0,-1450 to <-1400,14,12,2,0,0.8571428571428571,-1.1724137931034486,-0.08374384236453204,-1450.0
moneyline,HOME,odds_american,-1400.0,-1350.0,-1400 to <-1350,29,27,1,1,0.9642857142857143,0.9324675324675322,0.03215405284370801,-1396.551724137931
moneyline,HOME,odds_american,-1350.0,-1300.0,-1350 to <-1300,5,4,1,0,0.8,-0.7037037037037037,-0.14074074074074075,-1350.0
moneyline,HOME,odds_american,-1250.0,-1200.0,-1250 to <-1200,18,16,2,0,0.8888888888888888,-0.7200000000000001,-0.04000000000000001,-1250.0
moneyline,HOME,odds_american,-1200.0,-1150.0,-1200 to <-1150,17,16,1,0,0.9411764705882353,0.33333333333333326,0.019607843137254898,-1200.0
moneyline,HOME,odds_american,-1150.0,-1100.0,-1150 to <-1100,12,11,1,0,0.9166666666666666,-0.024154589371980617,-0.0020128824476650514,-1129.1666666666667
moneyline,HOME,odds_american,-1100.0,-1050.0,-1100 to <-1050,8,7,1,0,0.875,-0.36363636363636365,-0.045454545454545456,-1100.0
moneyline,HOME,odds_american,-1050.0,-1000.0,-1050 to <-1000,6,6,0,0,1.0,0.5714285714285714,0.09523809523809523,-1050.0
moneyline,HOME,odds_american,-1000.0,-950.0,-1000 to <-950,33,31,2,0,0.9393939393939394,1.1025641025641029,0.03341103341103342,-999.2424242424242
moneyline,HOME,odds_american,-950.0,-900.0,-950 to <-900,9,8,1,0,0.8888888888888888,-0.1578947368421053,-0.017543859649122813,-950.0
moneyline,HOME,odds_american,-900.0,-850.0,-900 to <-850,51,45,4,2,0.9183673469387755,1.0000000000000004,0.019607843137254912,-900.0
moneyline,HOME,odds_american,-850.0,-800.0,-850 to <-800,14,14,0,0,1.0,1.647058823529412,0.11764705882352942,-850.0
moneyline,HOME,odds_american,-800.0,-750.0,-800 to <-750,43,40,3,0,0.9302325581395349,2.013157894736842,0.04681762545899633,-798.1395348837209
moneyline,HOME,odds_american,-750.0,-700.0,-750 to <-700,41,34,7,0,0.8292682926829268,-2.4204204204204216,-0.05903464440049809,-741.4634146341464
moneyline,HOME,odds_american,-700.0,-650.0,-700 to <-650,50,42,8,0,0.84,-1.9384319384319397,-0.03876863876863879,-692.4
moneyline,HOME,odds_american,-650.0,-600.0,-650 to <-600,47,38,8,1,0.8260869565217391,-2.0633899518535435,-0.04390191386922433,-639.1489361702128
moneyline,HOME,odds_american,-600.0,-550.0,-600 to <-550,44,39,5,0,0.8863636363636364,1.602731019478154,0.036425704988139865,-591.1363636363636
moneyline,HOME,odds_american,-550.0,-500.0,-550 to <-500,62,49,13,0,0.7903225806451613,-3.896004052958424,-0.06283877504771651,-537.1774193548387
moneyline,HOME,odds_american,-500.0,-450.0,-500 to <-450,69,57,12,0,0.8260869565217391,-0.2346043997262658,-0.0034000637641487795,-486.5217391304348
moneyline,HOME,odds_american,-450.0,-400.0,-450 to <-400,82,61,20,1,0.7530864197530864,-5.918371864891431,-0.07217526664501744,-434.2073170731707
moneyline,HOME,odds_american,-400.0,-350.0,-400 to <-350,125,99,25,1,0.7983870967741935,1.2361081894916155,0.009888865515932923,-377.88
moneyline,HOME,odds_american,-350.0,-300.0,-350 to <-300,94,64,29,1,0.6881720430107527,-9.527164832862884,-0.10135281737088174,-328.3510638297872
moneyline,HOME,odds_american,-300.0,-250.0,-300 to <-250,162,115,46,1,0.7142857142857143,-4.4094295051241765,-0.02721870064891467,-278.0987654320988
moneyline,HOME,odds_american,-250.0,-200.0,-250 to <-200,185,130,54,1,0.7065217391304348,2.849672132347694,0.015403633147825373,-228.57297297297296
moneyline,HOME,odds_american,-200.0,-150.0,-200 to <-150,303,191,110,2,0.6345514950166113,-1.3751865496683608,-0.004538569470852676,-177.3795379537954
moneyline,HOME,odds_american,-150.0,-100.0,-150 to <-100,406,212,187,7,0.531328320802005,-21.446165064306804,-0.0528230666608542,-129.48768472906403
moneyline,HOME,odds_american,100.0,150.0,100 to <150,355,160,187,8,0.4610951008645533,6.950000000000005,0.01957746478873241,120.40563380281691
moneyline,HOME,odds_american,150.0,200.0,150 to <200,220,80,138,2,0.3669724770642202,0.8300000000000012,0.0037727272727272783,170.6
moneyline,HOME,odds_american,200.0,250.0,200 to <250,170,50,119,1,0.2958579881656805,-10.0,-0.058823529411764705,221.04117647058823
moneyline,HOME,odds_american,250.0,300.0,250 to <300,118,32,86,0,0.2711864406779661,0.04999999999999982,0.0004237288135593205,270.08474576271186
moneyline,HOME,odds_american,300.0,350.0,300 to <350,85,22,63,0,0.25882352941176473,7.200000000000003,0.08470588235294121,319.1764705882353
moneyline,HOME,odds_american,350.0,400.0,350 to <400,64,15,49,0,0.234375,5.9,0.0921875,368.28125
moneyline,HOME,odds_american,400.0,450.0,400 to <450,57,13,44,0,0.22807017543859648,9.049999999999999,0.1587719298245614,416.05263157894734
moneyline,HOME,odds_american,450.0,500.0,450 to <500,39,5,34,0,0.1282051282051282,-11.2,-0.28717948717948716,460.64102564102564
moneyline,HOME,odds_american,500.0,550.0,500 to <550,32,5,27,0,0.15625,-1.6999999999999993,-0.05312499999999998,505.78125
moneyline,HOME,odds_american,550.0,600.0,550 to <600,18,0,18,0,0.0,-18.0,-1.0,559.4444444444445
moneyline,HOME,odds_american,600.0,650.0,600 to <650,21,0,21,0,0.0,-21.0,-1.0,603.5714285714286
moneyline,HOME,odds_american,650.0,700.0,650 to <700,6,1,5,0,0.16666666666666666,1.5,0.25,654.1666666666666
moneyline,HOME,odds_american,700.0,750.0,700 to <750,9,1,8,0,0.1111111111111111,-1.0,-0.1111111111111111,700.0
moneyline,HOME,odds_american,750.0,800.0,750 to <800,13,3,10,0,0.23076923076923078,12.5,0.9615384615384616,750.0
moneyline,HOME,odds_american,800.0,850.0,800 to <850,10,0,10,0,0.0,-10.0,-1.0,800.0
moneyline,HOME,odds_american,850.0,900.0,850 to <900,4,0,4,0,0.0,-4.0,-1.0,850.0
moneyline,HOME,odds_american,900.0,950.0,900 to <950,11,1,10,0,0.09090909090909091,-1.0,-0.09090909090909091,900.0
moneyline,HOME,odds_american,950.0,1000.0,950 to <1000,4,0,4,0,0.0,-4.0,-1.0,950.0
moneyline,HOME,odds_american,1000.0,1050.0,1000 to <1050,9,2,7,0,0.2222222222222222,13.0,1.4444444444444444,1000.0
moneyline,HOME,odds_american,1100.0,1150.0,1100 to <1150,9,2,7,0,0.2222222222222222,15.0,1.6666666666666667,1100.0
moneyline,HOME,odds_american,1200.0,1250.0,1200 to <1250,14,0,14,0,0.0,-14.0,-1.0,1200.0
moneyline,HOME,odds_american,1250.0,1300.0,1250 to <1300,1,0,1,0,0.0,-1.0,-1.0,1250.0
moneyline,HOME,odds_american,1300.0,1350.0,1300 to <1350,8,2,6,0,0.25,20.0,2.5,1300.0
moneyline,HOME,odds_american,1400.0,1450.0,1400 to <1450,3,0,3,0,0.0,-3.0,-1.0,1400.0
moneyline,HOME,odds_american,1500.0,1550.0,1500 to <1550,7,1,6,0,0.14285714285714285,9.0,1.2857142857142858,1500.0
moneyline,HOME,odds_american,1600.0,1650.0,1600 to <1650,2,0,2,0,0.0,-2.0,-1.0,1600.0
moneyline,HOME,odds_american,1700.0,1750.0,1700 to <1750,5,0,5,0,0.0,-5.0,-1.0,1700.0
moneyline,HOME,odds_american,1800.0,1850.0,1800 to <1850,5,0,5,0,0.0,-5.0,-1.0,1800.0
moneyline,HOME,odds_american,2000.0,2050.0,2000 to <2050,2,0,2,0,0.0,-2.0,-1.0,2000.0
moneyline,HOME,odds_american,2200.0,2250.0,2200 to <2250,3,0,3,0,0.0,-3.0,-1.0,2200.0
moneyline,HOME,odds_american,2500.0,2550.0,2500 to <2550,2,0,2,0,0.0,-2.0,-1.0,2500.0
moneyline,HOME,odds_american,3000.0,3050.0,3000 to <3050,5,0,5,0,0.0,-5.0,-1.0,3000.0
moneyline,HOME,odds_american,3300.0,3350.0,3300 to <3350,1,0,1,0,0.0,-1.0,-1.0,3300.0
moneyline,HOME,odds_american,3500.0,3550.0,3500 to <3550,2,0,2,0,0.0,-2.0,-1.0,3500.0
moneyline,HOME,win_probability,0.0,0.05,0.00 to 0.05,36,2,34,0,0.05555555555555555,-10.0,-0.2777777777777778,0.029893072683550403
moneyline,HOME,win_probability,0.05,0.1,0.05 to 0.10,71,6,65,0,0.08450704225352113,-1.0,-0.014084507042253521,0.07280247719205457
moneyline,HOME,win_probability,0.1,0.15000000000000002,0.10 to 0.15,86,10,76,0,0.11627906976744186,-20.1,-0.23372093023255816,0.1230710953029316
moneyline,HOME,win_probability,0.15000000000000002,0.2,0.15 to 0.20,129,23,106,0,0.17829457364341086,-6.750000000000005,-0.05232558139534888,0.17677313937726896
moneyline,HOME,win_probability,0.2,0.25,0.20 to 0.25,133,36,97,0,0.2706766917293233,14.199999999999996,0.10676691729323305,0.22733017587985602
moneyline,HOME,win_probability,0.25,0.3,0.25 to 0.30,149,38,110,1,0.25675675675675674,-16.060000000000002,-0.10778523489932887,0.2732882696231919
moneyline,HOME,win_probability,0.30000000000000004,0.35000000000000003,0.30 to 0.35,166,62,104,0,0.37349397590361444,19.69238095238095,0.11862880091795754,0.3247525591014386
moneyline,HOME,win_probability,0.35000000000000003,0.4,0.35 to 0.40,177,60,114,3,0.3448275862068966,-17.445054945054945,-0.09855963245793754,0.37631310766006165
moneyline,HOME,win_probability,0.4,0.45,0.40 to 0.45,218,94,119,5,0.4413145539906103,9.471203390432798,0.04344588711207706,0.4256293935012104
moneyline,HOME,win_probability,0.45,0.5,0.45 to 0.50,175,81,93,1,0.46551724137931033,-10.44785791387186,-0.05970204522212492,0.47381220368403865
moneyline,HOME,win_probability,0.5,0.55,0.50 to 0.55,205,108,92,5,0.54,-1.5953429894062374,-0.007782160923932866,0.5260028398222791
moneyline,HOME,win_probability,0.55,0.6000000000000001,0.55 to 0.60,269,156,108,5,0.5909090909090909,-4.753821443568772,-0.01767219867497685,0.5755058525744025
moneyline,HOME,win_probability,0.6000000000000001,0.6500000000000001,0.60 to 0.65,252,150,100,2,0.6,-17.91676971129643,-0.07109829250514456,0.6248804236202721
moneyline,HOME,win_probability,0.65,0.7000000000000001,0.65 to 0.70,231,169,62,0,0.7316017316017316,10.36685135137095,0.04487814437822922,0.6755462361213629
moneyline,HOME,win_probability,0.7000000000000001,0.7500000000000001,0.70 to 0.75,224,168,53,3,0.7601809954751131,1.1857785006562103,0.005293654020786653,0.7254107507056862
moneyline,HOME,win_probability,0.75,0.8,0.75 to 0.80,189,143,46,0,0.7566137566137566,-10.410552584080104,-0.05508228880465664,0.774858946421714
moneyline,HOME,win_probability,0.8,0.8500000000000001,0.80 to 0.85,229,197,32,0,0.8602620087336245,1.864531688329674,0.00814205977436539,0.8259557072402909
moneyline,HOME,win_probability,0.8500000000000001,0.9000000000000001,0.85 to 0.90,241,204,34,3,0.8571428571428571,-10.442815270705086,-0.04333118369587173,0.8761546469565924
moneyline,HOME,win_probability,0.9,0.9500000000000001,0.90 to 0.95,252,227,24,1,0.9043824701195219,-9.536478043444523,-0.03784316683906557,0.9253110681530843
moneyline,HOME,win_probability,0.9500000000000001,1.0,0.95 to 1.00,244,239,3,2,0.987603305785124,2.640406457208181,0.010821337939377791,0.971383341163266
spread,AWAY,ev,-0.8,-0.75,-0.80 to -0.75,1,1,0,0,1.0,0.9090909090909091,0.9090909090909091,-0.769232808398034
spread,AWAY,ev,-0.65,-0.6,-0.65 to -0.60,2,1,1,0,0.5,0.0,0.0,-0.6238890435848383
spread,AWAY,ev,-0.6000000000000001,-0.55,-0.60 to -0.55,2,0,1,1,0.0,-1.0,-0.5,-0.57669996226276
spread,AWAY,ev,-0.5,-0.45,-0.50 to -0.45,11,7,4,0,0.6363636363636364,2.1517829996090865,0.19561663632809878,-0.46787587952934656
spread,AWAY,ev,-0.45,-0.4,-0.45 to -0.40,15,9,6,0,0.6,2.047608591086852,0.13650723940579013,-0.42653911918438575
spread,AWAY,ev,-0.4,-0.35000000000000003,-0.40 to -0.35,28,11,17,0,0.39285714285714285,-7.563429324298889,-0.27012247586781746,-0.37464946493093887
spread,AWAY,ev,-0.35000000000000003,-0.30000000000000004,-0.35 to -0.30,55,29,24,2,0.5471698113207547,2.0071334462638797,0.03649333538661599,-0.32139791242436205
spread,AWAY,ev,-0.30000000000000004,-0.25000000000000006,-0.30 to -0.25,108,44,63,1,0.411214953271028,-23.478347658782443,-0.21739210795168928,-0.2716528655140904
spread,AWAY,ev,-0.25,-0.2,-0.25 to -0.20,193,87,103,3,0.45789473684210524,-24.618304368739146,-0.12755598118517691,-0.2235003462569405
spread,AWAY,ev,-0.2,-0.15000000000000002,-0.20 to -0.15,321,155,164,2,0.48589341692789967,-24.529108894326285,-0.07641466945272986,-0.17275648900212806
spread,AWAY,ev,-0.15000000000000002,-0.10000000000000002,-0.15 to -0.10,486,251,231,4,0.520746887966805,-5.174712931285819,-0.01064755747178152,-0.12262929715297631
spread,AWAY,ev,-0.1,-0.05,-0.10 to -0.05,619,296,320,3,0.4805194805194805,-51.30367750890881,-0.08288154686414993,-0.07381611083707304
spread,AWAY,ev,-0.05,0.0,-0.05 to 0.00,682,360,316,6,0.5325443786982249,11.021082118305504,0.016159944454993407,-0.025801199544725262
spread,AWAY,ev,0.0,0.05,0.00 to 0.05,527,254,269,4,0.48565965583174,-37.64386863397093,-0.07143049076654825,0.022457288071668243
spread,AWAY,ev,0.05,0.1,0.05 to 0.10,369,180,183,6,0.49586776859504134,-18.87575355205993,-0.05115380366411905,0.07339010599818584
spread,AWAY,ev,0.1,0.15000000000000002,0.10 to 0.15,248,119,125,4,0.48770491803278687,-16.216498525628957,-0.06538910695818127,0.12311800414633026
spread,AWAY,ev,0.15000000000000002,0.2,0.15 to 0.20,161,74,82,5,0.47435897435897434,-14.257137628876759,-0.08855364986879974,0.1735684399170541
spread,AWAY,ev,0.2,0.25,0.20 to 0.25,103,58,45,0,0.5631067961165048,8.545218227826924,0.08296328376530994,0.22537889353675908
spread,AWAY,ev,0.25,0.3,0.25 to 0.30,71,28,42,1,0.4,-16.52607859129598,-0.2327616702999434,0.27311927391406726
spread,AWAY,ev,0.30000000000000004,0.35000000000000003,0.30 to 0.35,40,16,24,0,0.4,-9.423771880293621,-0.23559429700734053,0.32091403772653865
spread,AWAY,ev,0.35000000000000003,0.4,0.35 to 0.40,27,14,13,0,0.5185185185185185,-0.09087249304640643,-0.0033656478906076456,0.3707521252952027
spread,AWAY,ev,0.4,0.45,0.40 to 0.45,14,10,4,0,0.7142857142857143,5.264069264069264,0.37600494743351887,0.42098718253774675
spread,AWAY,ev,0.45,0.5,0.45 to 0.50,10,6,4,0,0.6,1.4691323169584036,0.14691323169584036,0.467144354978846
spread,AWAY,ev,0.5,0.55,0.50 to 0.55,5,2,3,0,0.4,-1.2213438735177866,-0.24426877470355732,0.5145415563148421
spread,AWAY,ev,0.55,0.6000000000000001,0.55 to 0.60,3,1,2,0,0.3333333333333333,-1.0476190476190477,-0.34920634920634924,0.5758625259295395
spread,AWAY,ev,0.6000000000000001,0.6500000000000001,0.60 to 0.65,1,1,0,0,1.0,0.9523809523809523,0.9523809523809523,0.6454307908977628
spread,AWAY,ev,0.7000000000000001,0.7500000000000001,0.70 to 0.75,1,1,0,0,1.0,0.9090909090909091,0.9090909090909091,0.7156496149202402
spread,AWAY,kelly,0.0,0.05,0.00 to 0.05,3019,1485,1509,25,0.49599198396793587,-164.9778568460182,-0.05464652429480563,0.0037528993618142397
spread,AWAY,kelly,0.05,0.1,0.05 to 0.10,353,172,177,4,0.49283667621776506,-19.659872331830883,-0.05569368932529995,0.07465025777684003
spread,AWAY,kelly,0.1,0.15000000000000002,0.10 to 0.15,239,120,114,5,0.5128205128205128,-4.982982042112476,-0.020849297247332536,0.12364820384639479
spread,AWAY,kelly,0.15000000000000002,0.2,0.15 to 0.20,164,83,76,5,0.5220125786163522,0.13727230901143805,0.0008370262744599881,0.17334167327693292
spread,AWAY,kelly,0.2,0.25,0.20 to 0.25,114,51,61,2,0.45535714285714285,-14.171833239224542,-0.1243143266598644,0.22200408924938317
spread,AWAY,kelly,0.25,0.3,0.25 to 0.30,81,38,43,0,0.4691358024691358,-8.19378045465002,-0.10115778339074098,0.2750380556983402
spread,AWAY,kelly,0.30000000000000004,0.35000000000000003,0.30 to 0.35,53,24,28,1,0.46153846153846156,-6.2490223142397054,-0.11790608140074917,0.3219103706604058
spread,AWAY,kelly,0.35000000000000003,0.4,0.35 to 0.40,27,14,13,0,0.5185185185185185,-0.28897149549323475,-0.010702647981230917,0.37366770465725196
spread,AWAY,kelly,0.4,0.45,0.40 to 0.45,24,11,13,0,0.4583333333333333,-2.9096555618294753,-0.12123564840956147,0.42103070665704584
spread,AWAY,kelly,0.45,0.5,0.45 to 0.50,12,9,3,0,0.75,5.354978354978355,0.4462481962481963,0.46961328713331024
spread,AWAY,kelly,0.5,0.55,0.50 to 0.55,8,2,6,0,0.25,-4.178053830227743,-0.5222567287784678,0.5185490597903031
spread,AWAY,kelly,0.55,0.6000000000000001,0.55 to 0.60,5,4,1,0,0.8,2.564370412196499,0.5128740824392998,0.5800896994302301
spread,AWAY,kelly,0.6000000000000001,0.6500000000000001,0.60 to 0.65,1,0,1,0,0.0,-1.0,-1.0,0.6149230554112267
spread,AWAY,kelly,0.65,0.7000000000000001,0.65 to 0.70,2,1,1,0,0.5,-0.04761904761904767,-0.023809523809523836,0.6863720391568533
spread,AWAY,kelly,0.75,0.8,0.75 to 0.80,1,1,0,0,1.0,0.9090909090909091,0.9090909090909091,0.7872145764122641
spread,AWAY,line,-40.0,-39.0,-40 to <-39,1,0,1,0,0.0,-1.0,-1.0,-39.5
spread,AWAY,line,-38.0,-37.0,-38 to <-37,2,0,2,0,0.0,-2.0,-1.0,-38.0
spread,AWAY,line,-36.0,-35.0,-36 to <-35,1,1,0,0,1.0,0.8695652173913043,0.8695652173913043,-36.0
spread,AWAY,line,-35.0,-34.0,-35 to <-34,5,3,2,0,0.6,0.6915113871635611,0.13830227743271223,-34.9
spread,AWAY,line,-34.0,-33.0,-34 to <-33,3,0,3,0,0.0,-3.0,-1.0,-33.5
spread,AWAY,line,-33.0,-32.0,-33 to <-32,3,1,2,0,0.3333333333333333,-1.1304347826086958,-0.3768115942028986,-32.5
spread,AWAY,line,-32.0,-31.0,-32 to <-31,2,0,2,0,0.0,-2.0,-1.0,-31.75
spread,AWAY,line,-31.0,-30.0,-31 to <-30,6,2,4,0,0.3333333333333333,-2.2575757575757573,-0.37626262626262624,-30.583333333333332
spread,AWAY,line,-30.0,-29.0,-30 to <-29,4,2,2,0,0.5,-0.18181818181818188,-0.04545454545454547,-29.625
spread,AWAY,line,-29.0,-28.0,-29 to <-28,5,2,3,0,0.4,-1.1818181818181817,-0.23636363636363633,-28.6
spread,AWAY,line,-28.0,-27.0,-28 to <-27,6,2,4,0,0.3333333333333333,-2.121693121693122,-0.35361552028218696,-27.583333333333332
spread,AWAY,line,-27.0,-26.0,-27 to <-26,5,4,1,0,0.8,2.5968379446640317,0.5193675889328063,-26.9
spread,AWAY,line,-26.0,-25.0,-26 to <-25,6,3,3,0,0.5,-0.22943722943722933,-0.03823953823953822,-25.666666666666668
spread,AWAY,line,-25.0,-24.0,-25 to <-24,14,7,7,0,0.5,-0.4984001505740636,-0.035600010755290255,-24.571428571428573
spread,AWAY,line,-24.0,-23.0,-24 to <-23,14,7,7,0,0.5,-0.7641163184641443,-0.054579737033153164,-23.714285714285715
spread,AWAY,line,-23.0,-22.0,-23 to <-22,11,6,5,0,0.5454545454545454,0.5579605579605575,0.050723687087323416,-22.636363636363637
spread,AWAY,line,-22.0,-21.0,-22 to <-21,12,5,7,0,0.4166666666666667,-2.82034632034632,-0.23502886002886,-21.625
spread,AWAY,line,-21.0,-20.0,-21 to <-20,27,15,12,0,0.5555555555555556,1.2405275883536748,0.04594546623532129,-20.685185185185187
spread,AWAY,line,-20.0,-19.0,-20 to <-19,12,6,6,0,0.5,-0.6207415772633166,-0.051728464771943046,-19.791666666666668
spread,AWAY,line,-19.0,-18.0,-19 to <-18,12,7,5,0,0.5833333333333334,1.3782232260493128,0.1148519355041094,-18.75
spread,AWAY,line,-18.0,-17.0,-18 to <-17,21,11,10,0,0.5238095238095238,0.17748917748917714,0.008451865594722722,-17.61904761904762
spread,AWAY,line,-17.0,-16.0,-17 to <-16,36,20,15,1,0.5714285714285714,2.942546583850931,0.0817374051069703,-16.72222222222222
spread,AWAY,line,-16.0,-15.0,-16 to <-15,18,13,5,0,0.7222222222222222,6.754187841144363,0.3752326578413535,-15.722222222222221
spread,AWAY,line,-15.0,-14.0,-15 to <-14,40,23,17,0,0.575,3.9367379802162406,0.09841844950540601,-14.6125
spread,AWAY,line,-14.0,-13.0,-14 to <-13,74,33,41,0,0.44594594594594594,-11.49551205638162,-0.15534475751867055,-13.655405405405405
spread,AWAY,line,-13.0,-12.0,-13 to <-12,40,15,25,0,0.375,-11.580481837003576,-0.2895120459250894,-12.6625
spread,AWAY,line,-12.0,-11.0,-12 to <-11,37,17,20,0,0.4594594594594595,-4.633210991906644,-0.12522191870017957,-11.635135135135135
spread,AWAY,line,-11.0,-10.0,-11 to <-10,54,28,26,0,0.5185185185185185,-0.14826839826839777,-0.002745711079044403,-10.648148148148149
spread,AWAY,line,-10.0,-9.0,-10 to <-9,68,37,30,1,0.5522388059701493,3.2087594370203067,0.04718763877971039,-9.647058823529411
spread,AWAY,line,-9.0,-8.0,-9 to <-8,41,18,23,0,0.43902439024390244,-6.5064935064935066,-0.15869496357301235,-8.585365853658537
spread,AWAY,line,-8.0,-7.0,-8 to <-7,73,40,32,1,0.5555555555555556,5.50249471945124,0.07537663999248274,-7.589041095890411
spread,AWAY,line,-7.0,-6.0,-7 to <-6,142,70,66,6,0.5147058823529411,-3.437815148078868,-0.024209965831541322,-6.693661971830986
spread,AWAY,line,-6.0,-5.0,-6 to <-5,77,30,47,0,0.38961038961038963,-19.975223246962376,-0.2594184837267841,-5.6688311688311686
spread,AWAY,line,-5.0,-4.0,-5 to <-4,69,37,32,0,0.5362318840579711,1.7963485789572742,0.02603403737619238,-4.608695652173913
spread,AWAY,line,-4.0,-3.0,-4 to <-3,118,57,60,1,0.48717948717948717,-6.775988246857809,-0.057423629210659397,-3.5762711864406778
spread,AWAY,line,-3.0,-2.0,-3 to <-2,203,92,107,4,0.4623115577889447,-25.181883992708908,-0.1240486896192557,-2.6600985221674875
spread,AWAY,line,-2.0,-1.0,-2 to <-1,87,40,47,0,0.45977011494252873,-10.962356484095615,-0.1260040975183404,-1.6149425287356323
spread,AWAY,line,-1.0,0.0,-1 to <0,30,12,16,2,0.42857142857142855,-5.027019679193592,-0.1675673226397864,-0.9166666666666666
spread,AWAY,line,0.0,1.0,0 to <1,8,6,2,0,0.75,3.4150197628458496,0.4268774703557312,0.125
spread,AWAY,line,1.0,2.0,1 to <2,126,62,64,0,0.49206349206349204,-7.253241524980654,-0.05756540892841789,1.3293650793650793
spread,AWAY,line,2.0,3.0,2 to <3,182,96,86,0,0.5274725274725275,3.5257955708520985,0.019372503136549993,2.434065934065934
spread,AWAY,line,3.0,4.0,3 to <4,212,100,106,6,0.4854368932038835,-17.02038749072647,-0.08028484665437015,3.339622641509434
spread,AWAY,line,4.0,5.0,4 to <5,120,66,52,2,0.559322033898305,8.015988037727169,0.06679990031439308,4.320833333333334
spread,AWAY,line,5.0,6.0,5 to <6,82,42,40,0,0.5121951219512195,-1.964233431624735,-0.023954066239326038,5.396341463414634
spread,AWAY,line,6.0,7.0,6 to <7,149,67,82,0,0.44966442953020136,-20.51684957081376,-0.13769697698532726,6.395973154362416
spread,AWAY,line,7.0,8.0,7 to <8,161,79,81,1,0.49375,-10.597865500039415,-0.06582525155303984,7.3478260869565215
spread,AWAY,line,8.0,9.0,8 to <9,44,19,25,0,0.4318181818181818,-7.735977790325617,-0.17581767705285492,8.409090909090908
spread,AWAY,line,9.0,10.0,9 to <10,86,44,42,0,0.5116279069767442,-1.2178806700545828,-0.014161403140169566,9.401162790697674
spread,AWAY,line,10.0,11.0,10 to <11,105,57,45,3,0.5588235294117647,5.990089298784948,0.057048469512237604,10.352380952380953
spread,AWAY,line,11.0,12.0,11 to <12,60,31,29,0,0.5166666666666667,-1.1152765733220833,-0.01858794288870139,11.308333333333334
spread,AWAY,line,12.0,13.0,12 to <13,58,34,24,0,0.5862068965517241,7.044795783926219,0.12146199627458998,12.362068965517242
spread,AWAY,line,13.0,14.0,13 to <14,88,36,51,1,0.41379310344827586,-17.916196122717864,-0.20359313775815754,13.392045454545455
spread,AWAY,line,14.0,15.0,14 to <15,103,52,49,2,0.5148514851485149,-2.2214222975092532,-0.021567206771934497,14.276699029126213
spread,AWAY,line,15.0,16.0,15 to <16,48,25,23,0,0.5208333333333334,-0.25753915971307295,-0.00536539916068902,15.3125
spread,AWAY,line,16.0,17.0,16 to <17,68,36,32,0,0.5294117647058824,0.8901907271472482,0.013091040105106592,16.38235294117647
spread,AWAY,line,17.0,18.0,17 to <18,86,45,41,0,0.5232558139534884,-0.2615021854152282,-0.0030407230862235833,17.36081395348837
spread,AWAY,line,18.0,19.0,18 to <19,51,24,27,0,0.47058823529411764,-5.470967438358743,-0.1072738713403675,18.352941176470587
spread,AWAY,line,19.0,20.0,19 to <20,42,22,19,1,0.5365853658536586,1.0221155655938259,0.024336084895091092,19.38095238095238
spread,AWAY,line,20.0,21.0,20 to <21,53,24,29,0,0.4528301886792453,-6.995993056862622,-0.13199986899740795,20.31132075471698
spread,AWAY,line,21.0,22.0,21 to <22,74,34,40,0,0.4594594594594595,-9.469057029926594,-0.12796023013414315,21.344594594594593
spread,AWAY,line,22.0,23.0,22 to <23,35,21,14,0,0.6,4.877648116778552,0.1393613747651015,22.4
spread,AWAY,line,23.0,24.0,23 to <24,44,21,23,0,0.4772727272727273,-3.7159796725014114,-0.08445408346594117,23.397727272727273
spread,AWAY,line,24.0,25.0,24 to <25,55,32,22,1,0.5925925925925926,7.318387811866071,0.1330615965793831,24.272727272727273
spread,AWAY,line,25.0,26.0,25 to <26,40,19,20,1,0.48717948717948717,-3.3017786561264826,-0.08254446640316207,25.3125
spread,AWAY,line,26.0,27.0,26 to <27,29,17,12,0,0.5862068965517241,3.654366647844908,0.12601264302913476,26.344827586206897
spread,AWAY,line,27.0,28.0,27 to <28,46,19,26,1,0.4222222222222222,-8.508140410314324,-0.1849595741372679,27.369565217391305
spread,AWAY,line,28.0,29.0,28 to <29,40,15,24,1,0.38461538461538464,-10.392339544513456,-0.2598084886128364,28.35
spread,AWAY,line,29.0,30.0,29 to <30,27,15,12,0,0.5555555555555556,1.6871823828345565,0.062488236401279866,29.37037037037037
spread,AWAY,line,30.0,31.0,30 to <31,30,13,17,0,0.43333333333333335,-5.205721814417467,-0.17352406048058225,30.366666666666667
spread,AWAY,line,31.0,32.0,31 to <32,33,16,15,2,0.5161290322580645,-0.8756822887257668,-0.026535826931083844,31.227272727272727
spread,AWAY,line,32.0,33.0,32 to <33,17,10,7,0,0.5882352941176471,2.0984377940899677,0.12343751729940987,32.38235294117647
spread,AWAY,line,33.0,34.0,33 to <34,24,9,15,0,0.375,-6.688311688311689,-0.2786796536796537,33.333333333333336
spread,AWAY,line,34.0,35.0,34 to <35,22,14,7,1,0.6666666666666666,5.9518162996423865,0.2705371045291994,34.45454545454545
spread,AWAY,line,35.0,36.0,35 to <36,32,12,20,0,0.375,-9.321475625823453,-0.2912961133069829,35.3125
spread,AWAY,line,36.0,37.0,36 to <37,30,14,16,0,0.4666666666666667,-3.2256728778467902,-0.10752242926155968,36.35
spread,AWAY,line,37.0,38.0,37 to <38,21,7,14,0,0.3333333333333333,-7.5855448898927165,-0.36121642332822457,37.38095238095238
spread,AWAY,line,38.0,39.0,38 to <39,28,15,13,0,0.5357142857142857,0.562279105757367,0.020081396634191676,38.285714285714285
spread,AWAY,line,39.0,40.0,39 to <40,15,4,11,0,0.26666666666666666,-7.442687747035572,-0.4961791831357048,39.36666666666667
spread,AWAY,line,40.0,41.0,40 to <41,17,6,9,2,0.4,-3.5773208273208272,-0.21043063690122513,40.26470588235294
spread,AWAY,line,41.0,42.0,41 to <42,14,6,8,0,0.42857142857142855,-2.4112554112554108,-0.1722325293753865,41.357142857142854
spread,AWAY,line,42.0,43.0,42 to <43,24,12,11,1,0.5217391304347826,-0.23489553924336581,-0.009787314135140243,42.291666666666664
spread,AWAY,line,43.0,44.0,43 to <44,8,5,3,0,0.625,1.4964886964886965,0.18706108706108707,43.4375
spread,AWAY,line,44.0,45.0,44 to <45,11,4,7,0,0.36363636363636365,-3.229437229437229,-0.2935852026761117,44.36363636363637
spread,AWAY,line,45.0,46.0,45 to <46,15,8,7,0,0.5333333333333333,0.2873141351402215,0.019154275676014767,45.333333333333336
spread,AWAY,line,46.0,47.0,46 to <47,8,5,3,0,0.625,1.4664031620553357,0.18330039525691696,46.4375
spread,AWAY,line,47.0,48.0,47 to <48,9,5,4,0,0.5555555555555556,0.5492188970449836,0.06102432189388707,47.333333333333336
spread,AWAY,line,48.0,49.0,48 to <49,15,10,5,0,0.6666666666666666,4.235930735930736,0.28239538239538237,48.43333333333333
spread,AWAY,line,49.0,50.0,49 to <50,5,0,5,0,0.0,-5.0,-1.0,49.4
spread,AWAY,line,50.0,51.0,50 to <51,7,3,4,0,0.42857142857142855,-1.2294372294372296,-0.1756338899196042,50.5
spread,AWAY,line,51.0,52.0,51 to <52,3,2,1,0,0.6666666666666666,0.8181818181818181,0.2727272727272727,51.166666666666664
spread,AWAY,line,52.0,53.0,52 to <53,5,4,1,0,0.8,2.603896103896104,0.5207792207792208,52.4
spread,AWAY,line,53.0,54.0,53 to <54,2,2,0,0,1.0,1.8614718614718613,0.9307359307359306,53.25
spread,AWAY,line,54.0,55.0,54 to <55,6,3,3,0,0.5,-0.22943722943722944,-0.03823953823953824,54.333333333333336
spread,AWAY,line,56.0,57.0,56 to <57,1,0,1,0,0.0,-1.0,-1.0,56.5
spread,AWAY,odds_american,-200.0,-150.0,-200 to <-150,4,3,1,0,0.75,0.6428571428571428,0.1607142857142857,-180.0
spread,AWAY,odds_american,-150.0,-100.0,-150 to <-100,3876,1914,1920,42,0.49921752738654146,-192.30679232082528,-0.04961475550072891,-110.99896800825593
spread,AWAY,odds_american,100.0,150.0,100 to <150,223,98,125,0,0.43946188340807174,-26.030000000000005,-0.11672645739910316,101.60089686098655
spread,AWAY,win_probability,0.1,0.15000000000000002,0.10 to 0.15,1,1,0,0,1.0,0.9090909090909091,0.9090909090909091,0.12087805274388697
spread,AWAY,win_probability,0.15000000000000002,0.2,0.15 to 0.20,2,1,1,0,0.5,0.0,0.0,0.19436797116440346
spread,AWAY,win_probability,0.2,0.25,0.20 to 0.25,2,0,1,1,0.0,-1.0,-0.5,0.22405452191014869
spread,AWAY,win_probability,0.25,0.3,0.25 to 0.30,17,10,7,0,0.5882352941176471,1.9391807870068742,0.1140694580592279,0.28567047897303616
spread,AWAY,win_probability,0.30000000000000004,0.35000000000000003,0.30 to 0.35,52,24,28,0,0.46153846153846156,-6.212092979484282,-0.11946332652854388,0.33118915480718847
spread,AWAY,win_probability,0.35000000000000003,0.4,0.35 to 0.40,183,82,97,4,0.4581005586592179,-22.940391701696047,-0.12535733170325708,0.38083192588954257
spread,AWAY,win_probability,0.4,0.45,0.40 to 0.45,525,250,271,4,0.4798464491362764,-43.89313002144205,-0.0836059619456039,0.4282711938890071
spread,AWAY,win_probability,0.45,0.5,0.45 to 0.50,1115,553,554,8,0.4995483288166215,-50.99339635688853,-0.04573398776402559,0.4764879230579452
spread,AWAY,win_probability,0.5,0.55,0.50 to 0.55,1162,584,570,8,0.5060658578856152,-41.34328725486182,-0.0355794210454921,0.5229703808481684
spread,AWAY,win_probability,0.55,0.6000000000000001,0.55 to 0.60,586,294,283,9,0.5095320623916811,-16.21093136941166,-0.02766370540855232,0.5717258273719088
spread,AWAY,win_probability,0.6000000000000001,0.6500000000000001,0.60 to 0.65,271,129,135,7,0.48863636363636365,-17.957849557849556,-0.06626512751974006,0.6218012399011428
spread,AWAY,win_probability,0.65,0.7000000000000001,0.65 to 0.70,116,48,67,1,0.41739130434782606,-23.41474789300876,-0.20185127493973068,0.669134032638483
spread,AWAY,win_probability,0.7000000000000001,0.7500000000000001,0.70 to 0.75,52,29,23,0,0.5576923076923077,3.3143599556643024,0.06373769145508273,0.7230678949151286
spread,AWAY,win_probability,0.75,0.8,0.75 to 0.80,11,4,7,0,0.36363636363636365,-3.316581968755882,-0.3015074517050802,0.7679786509435101
spread,AWAY,win_probability,0.8,0.8500000000000001,0.80 to 0.85,6,5,1,0,0.8333333333333334,3.5167513645774515,0.5861252274295753,0.8127522533312529
spread,AWAY,win_probability,0.8500000000000001,0.9000000000000001,0.85 to 0.90,2,1,1,0,0.5,-0.09090909090909094,-0.04545454545454547,0.8800281102420128
spread,HOME,ev,-0.8500000000000001,-0.8,-0.85 to -0.80,1,0,1,0,0.0,-1.0,-1.0,-0.8065587058293311
spread,HOME,ev,-0.75,-0.7,-0.75 to -0.70,2,1,1,0,0.5,0.0,0.0,-0.7144176095831261
spread,HOME,ev,-0.65,-0.6,-0.65 to -0.60,5,1,4,0,0.2,-3.130434782608696,-0.6260869565217392,-0.6289399372372271
spread,HOME,ev,-0.6000000000000001,-0.55,-0.60 to -0.55,6,4,2,0,0.6666666666666666,1.5968379446640313,0.2661396574440052,-0.5749990165355588
spread,HOME,ev,-0.55,-0.5,-0.55 to -0.50,15,6,9,0,0.4,-3.6607378129117256,-0.24404918752744836,-0.522897288951612
spread,HOME,ev,-0.5,-0.45,-0.50 to -0.45,28,14,14,0,0.5,-0.9930359495576897,-0.035465569627060343,-0.4702285011741068
spread,HOME,ev,-0.45,-0.4,-0.45 to -0.40,32,16,16,0,0.5,-1.478703180877094,-0.04620947440240919,-0.4198346329140778
spread,HOME,ev,-0.4,-0.35000000000000003,-0.40 to -0.35,68,42,25,1,0.6268656716417911,12.878212769517116,0.18938548190466348,-0.3714731458121639
spread,HOME,ev,-0.35000000000000003,-0.30000000000000004,-0.35 to -0.30,90,41,49,0,0.45555555555555555,-11.656505398583512,-0.12951672665092792,-0.32441686619780974
spread,HOME,ev,-0.30000000000000004,-0.25000000000000006,-0.30 to -0.25,148,76,69,3,0.5241379310344828,0.38842481663453543,0.0026244920042874016,-0.2747038360749022
spread,HOME,ev,-0.25,-0.2,-0.25 to -0.20,230,108,116,6,0.48214285714285715,-17.643236058738303,-0.07670972199451435,-0.22352417719167217
spread,HOME,ev,-0.2,-0.15000000000000002,-0.20 to -0.15,348,182,160,6,0.5321637426900585,4.525467511554467,0.013004216987225481,-0.1731588498515909
spread,HOME,ev,-0.15000000000000002,-0.10000000000000002,-0.15 to -0.10,474,232,238,4,0.49361702127659574,-27.437002522028315,-0.05788397156546058,-0.12313494905790486
spread,HOME,ev,-0.1,-0.05,-0.10 to -0.05,674,324,345,5,0.484304932735426,-50.306262199548854,-0.07463837121594785,-0.07486266313596097
spread,HOME,ev,-0.05,0.0,-0.05 to 0.00,655,338,313,4,0.5192012288786483,-5.304551358464403,-0.008098551692312066,-0.026136703140934837
spread,HOME,ev,0.0,0.05,0.00 to 0.05,512,240,268,4,0.47244094488188976,-48.39030255813515,-0.09451230968385771,0.02358310275080188
spread,HOME,ev,0.05,0.1,0.05 to 0.10,341,171,168,2,0.504424778761062,-11.624635847244539,-0.03408984119426551,0.07299138292302534
spread,HOME,ev,0.1,0.15000000000000002,0.10 to 0.15,220,116,102,2,0.5321100917431193,4.90167565124087,0.022280343869276683,0.12300960082630351
spread,HOME,ev,0.15000000000000002,0.2,0.15 to 0.20,113,66,45,2,0.5945945945945946,15.984016800634336,0.14145147611180828,0.17034709783024118
spread,HOME,ev,0.2,0.25,0.20 to 0.25,73,34,37,2,0.4788732394366197,-4.768838697534348,-0.06532655750047052,0.22383021372832512
spread,HOME,ev,0.25,0.3,0.25 to 0.30,30,20,10,0,0.6666666666666666,8.463672961499046,0.28212243204996823,0.27664549175349123
spread,HOME,ev,0.30000000000000004,0.35000000000000003,0.30 to 0.35,18,6,12,0,0.3333333333333333,-6.316581968755882,-0.35092122048643787,0.3225129200346321
spread,HOME,ev,0.35000000000000003,0.4,0.35 to 0.40,11,5,6,0,0.45454545454545453,-1.3906560428299561,-0.1264232766209051,0.3708000604665504
spread,HOME,ev,0.4,0.45,0.40 to 0.45,3,1,2,0,0.3333333333333333,-1.0476190476190477,-0.34920634920634924,0.41665472181259977
spread,HOME,ev,0.45,0.5,0.45 to 0.50,2,1,1,0,0.5,-0.09090909090909094,-0.04545454545454547,0.4790535374191292
spread,HOME,ev,0.5,0.55,0.50 to 0.55,2,0,1,1,0.0,-1.0,-0.5,0.5242022189281141
spread,HOME,ev,0.55,0.6000000000000001,0.55 to 0.60,1,1,0,0,1.0,0.9523809523809523,0.9523809523809523,0.5744329613788088
spread,HOME,ev,0.65,0.7000000000000001,0.65 to 0.70,1,0,1,0,0.0,-1.0,-1.0,0.6783237174889432
spread,HOME,kelly,0.0,0.05,0.00 to 0.05,3259,1611,1615,33,0.49938003719776813,-149.03827777765537,-0.04573129112539287,0.0035696095781429186
spread,HOME,kelly,0.05,0.1,0.05 to 0.10,328,162,164,2,0.49693251533742333,-15.449691543655735,-0.04710271812090163,0.07383926836321794
spread,HOME,kelly,0.1,0.15000000000000002,0.10 to 0.15,215,113,100,2,0.5305164319248826,3.7918496479366053,0.017636509990402817,0.12313498197410186
spread,HOME,kelly,0.15000000000000002,0.2,0.15 to 0.20,140,80,58,2,0.5797101449275363,15.780675938597824,0.11271911384712731,0.17271534239986477
spread,HOME,kelly,0.2,0.25,0.20 to 0.25,70,37,31,2,0.5441176470588235,3.7541050254093724,0.05363007179156246,0.2237398425018703
spread,HOME,kelly,0.25,0.3,0.25 to 0.30,39,20,19,0,0.5128205128205128,-0.6537267080745346,-0.016762223283962426,0.27003091659236983
spread,HOME,kelly,0.30000000000000004,0.35000000000000003,0.30 to 0.35,24,13,11,0,0.5416666666666666,1.0638894117154982,0.04432872548814576,0.3225672220245866
spread,HOME,kelly,0.35000000000000003,0.4,0.35 to 0.40,14,4,10,0,0.2857142857142857,-6.316581968755881,-0.4511844263397058,0.3766766246080583
spread,HOME,kelly,0.4,0.45,0.40 to 0.45,9,4,5,0,0.4444444444444444,-1.343036995210908,-0.149226332801212,0.4163634737123485
spread,HOME,kelly,0.5,0.55,0.50 to 0.55,2,1,0,1,1.0,0.9090909090909091,0.45454545454545453,0.5351026266640881
spread,HOME,kelly,0.55,0.6000000000000001,0.55 to 0.60,1,0,1,0,0.0,-1.0,-1.0,0.5706637850302597
spread,HOME,kelly,0.6000000000000001,0.6500000000000001,0.60 to 0.65,1,1,0,0,1.0,0.9523809523809523,0.9523809523809523,0.6031546094477493
spread,HOME,kelly,0.7000000000000001,0.7500000000000001,0.70 to 0.75,1,0,1,0,0.0,-1.0,-1.0,0.7461560892378374
spread,HOME,line,-57.0,-56.0,-57 to <-56,1,1,0,0,1.0,0.9090909090909091,0.9090909090909091,-56.5
spread,HOME,line,-55.0,-54.0,-55 to <-54,4,2,2,0,0.5,-0.09090909090909094,-0.022727272727272735,-54.5
spread,HOME,line,-54.0,-53.0,-54 to <-53,3,1,2,0,0.3333333333333333,-1.0909090909090908,-0.3636363636363636,-53.833333333333336
spread,HOME,line,-53.0,-52.0,-53 to <-52,5,1,4,0,0.2,-3.090909090909091,-0.6181818181818182,-52.6
spread,HOME,line,-52.0,-51.0,-52 to <-51,2,1,1,0,0.5,-0.16666666666666663,-0.08333333333333331,-51.75
spread,HOME,line,-51.0,-50.0,-51 to <-50,9,4,5,0,0.4444444444444444,-1.3636363636363638,-0.15151515151515152,-50.611111111111114
spread,HOME,line,-50.0,-49.0,-50 to <-49,4,4,0,0,1.0,3.727272727272727,0.9318181818181818,-49.5
spread,HOME,line,-49.0,-48.0,-49 to <-48,14,5,9,0,0.35714285714285715,-4.407491059664973,-0.3148207899760695,-48.535714285714285
spread,HOME,line,-48.0,-47.0,-48 to <-47,8,4,4,0,0.5,-0.4031620553359687,-0.05039525691699609,-47.625
spread,HOME,line,-47.0,-46.0,-47 to <-46,10,4,6,0,0.4,-2.4031620553359687,-0.24031620553359687,-46.65
spread,HOME,line,-46.0,-45.0,-46 to <-45,11,5,6,0,0.45454545454545453,-1.1861471861471862,-0.10783156237701692,-45.54545454545455
spread,HOME,line,-45.0,-44.0,-45 to <-44,13,7,6,0,0.5384615384615384,0.36740071522680173,0.02826159347898475,-44.69230769230769
spread,HOME,line,-44.0,-43.0,-44 to <-43,10,5,5,0,0.5,-0.4545454545454547,-0.04545454545454547,-43.65
spread,HOME,line,-43.0,-42.0,-43 to <-42,15,6,9,0,0.4,-3.471861471861472,-0.23145743145743147,-42.53333333333333
spread,HOME,line,-42.0,-41.0,-42 to <-41,20,10,9,1,0.5263157894736842,0.08874458874458879,0.004437229437229439,-41.75
spread,HOME,line,-41.0,-40.0,-41 to <-40,13,7,6,0,0.5384615384615384,0.40692640692640647,0.03130203130203127,-40.65384615384615
spread,HOME,line,-40.0,-39.0,-40 to <-39,19,12,5,2,0.7058823529411765,5.837097684923772,0.30721566762756697,-39.71052631578947
spread,HOME,line,-39.0,-38.0,-39 to <-38,20,11,9,0,0.55,0.9712968191229061,0.04856484095614531,-38.6
spread,HOME,line,-38.0,-37.0,-38 to <-37,28,17,11,0,0.6071428571428571,4.3933747412008275,0.1569062407571724,-37.714285714285715
spread,HOME,line,-37.0,-36.0,-37 to <-36,26,14,12,0,0.5384615384615384,0.738565782044043,0.02840637623246319,-36.59615384615385
spread,HOME,line,-36.0,-35.0,-36 to <-35,29,17,12,0,0.5862068965517241,3.9085262563523426,0.1347767674604256,-35.6551724137931
spread,HOME,line,-35.0,-34.0,-35 to <-34,32,15,17,0,0.46875,-3.3711755233494367,-0.1053492351046699,-34.6875
spread,HOME,line,-34.0,-33.0,-34 to <-33,18,10,7,1,0.5882352941176471,1.7280111193154675,0.09600061773974819,-33.55555555555556
spread,HOME,line,-33.0,-32.0,-33 to <-32,21,11,10,0,0.5238095238095238,0.06388941171549856,0.0030423529388332645,-32.69047619047619
spread,HOME,line,-32.0,-31.0,-32 to <-31,19,7,12,0,0.3684210526315789,-5.701548451548451,-0.30008149744991847,-31.605263157894736
spread,HOME,line,-31.0,-30.0,-31 to <-30,40,22,16,2,0.5789473684210527,4.108695652173912,0.1027173913043478,-30.725
spread,HOME,line,-30.0,-29.0,-30 to <-29,28,13,15,0,0.4642857142857143,-3.2533408620365143,-0.11619074507273265,-29.642857142857142
spread,HOME,line,-29.0,-28.0,-29 to <-28,35,21,14,0,0.6,5.679089026915114,0.16225968648328898,-28.6
spread,HOME,line,-28.0,-27.0,-28 to <-27,46,27,18,1,0.6,6.326879722531895,0.13754086353330205,-27.630434782608695
spread,HOME,line,-27.0,-26.0,-27 to <-26,32,14,17,1,0.45161290322580644,-4.467061923583662,-0.13959568511198944,-26.6875
spread,HOME,line,-26.0,-25.0,-26 to <-25,34,15,19,0,0.4411764705882353,-5.326022126022126,-0.15664770958888607,-25.63235294117647
spread,HOME,line,-25.0,-24.0,-25 to <-24,45,20,24,1,0.45454545454545453,-5.461575590271242,-0.12136834645047205,-24.666666666666668
spread,HOME,line,-24.0,-23.0,-24 to <-23,60,29,30,1,0.4915254237288136,-3.641304347826087,-0.06068840579710145,-23.708333333333332
spread,HOME,line,-23.0,-22.0,-23 to <-22,37,16,21,0,0.43243243243243246,-6.482778091473743,-0.17521021868847955,-22.62162162162162
spread,HOME,line,-22.0,-21.0,-22 to <-21,58,29,29,0,0.5,-1.9781489846707236,-0.03410601697708144,-21.560344827586206
spread,HOME,line,-21.0,-20.0,-21 to <-20,56,31,25,0,0.5535714285714286,3.2240521153564634,0.057572359202793986,-20.705357142857142
spread,HOME,line,-20.0,-19.0,-20 to <-19,52,26,26,0,0.5,-2.4087144739318656,-0.046321432190997415,-19.692307692307693
spread,HOME,line,-19.0,-18.0,-19 to <-18,46,24,21,1,0.5333333333333333,1.1806888763410495,0.02566714948567499,-18.608695652173914
spread,HOME,line,-18.0,-17.0,-18 to <-17,77,36,41,0,0.4675324675324675,-7.899932241671372,-0.10259652261910873,-17.597792207792207
spread,HOME,line,-17.0,-16.0,-17 to <-16,76,39,37,0,0.5131578947368421,-1.9120082815734993,-0.025158003704914465,-16.657894736842106
spread,HOME,line,-16.0,-15.0,-16 to <-15,46,19,27,0,0.41304347826086957,-9.845849802371543,-0.21404021309503354,-15.673913043478262
spread,HOME,line,-15.0,-14.0,-15 to <-14,75,36,39,0,0.48,-5.804528933224584,-0.07739371910966113,-14.62
spread,HOME,line,-14.0,-13.0,-14 to <-13,115,64,49,2,0.5663716814159292,8.16481356003095,0.07099837878287783,-13.7
spread,HOME,line,-13.0,-12.0,-13 to <-12,61,26,34,1,0.43333333333333335,-10.008019114540856,-0.16406588712362058,-12.655737704918034
spread,HOME,line,-12.0,-11.0,-12 to <-11,53,26,27,0,0.49056603773584906,-3.5474153255262704,-0.06693236463257114,-11.650943396226415
spread,HOME,line,-11.0,-10.0,-11 to <-10,97,45,52,0,0.4639175257731959,-10.30413158500115,-0.10622816067011495,-10.618556701030927
spread,HOME,line,-10.0,-9.0,-10 to <-9,100,44,53,3,0.4536082474226804,-13.630032206119163,-0.13630032206119164,-9.655
spread,HOME,line,-9.0,-8.0,-9 to <-8,53,29,24,0,0.5471698113207547,2.3316393751176365,0.04399319575693654,-8.660377358490566
spread,HOME,line,-8.0,-7.0,-8 to <-7,120,59,61,0,0.49166666666666664,-5.358241211284691,-0.04465201009403909,-7.533333333333333
spread,HOME,line,-7.0,-6.0,-7 to <-6,167,95,71,1,0.572289156626506,13.955408525357374,0.083565320511122,-6.6467065868263475
spread,HOME,line,-6.0,-5.0,-6 to <-5,96,46,50,0,0.4791666666666667,-8.282619152184369,-0.08627728283525384,-5.661458333333333
spread,HOME,line,-5.0,-4.0,-5 to <-4,94,42,52,0,0.44680851063829785,-13.49334755421712,-0.14354625057677786,-4.590425531914893
spread,HOME,line,-4.0,-3.0,-4 to <-3,187,94,91,2,0.5081081081081081,-3.085739799652843,-0.01650128235108472,-3.6149732620320854
spread,HOME,line,-3.0,-2.0,-3 to <-2,226,100,120,6,0.45454545454545453,-31.181586399898855,-0.1379716212384905,-2.650442477876106
spread,HOME,line,-2.0,-1.0,-2 to <-1,107,57,50,0,0.5327102803738317,1.887764811677854,0.017642661791381815,-1.6121495327102804
spread,HOME,line,-1.0,0.0,-1 to <0,45,22,23,0,0.4888888888888889,-3.0671570780266437,-0.06815904617836986,-0.9777777777777777
spread,HOME,line,0.0,1.0,0 to <1,11,5,6,0,0.45454545454545453,-1.533596837944664,-0.13941789435860583,0.22727272727272727
spread,HOME,line,1.0,2.0,1 to <2,92,51,39,2,0.5666666666666667,6.8794069054938625,0.07477616201623763,1.3641304347826086
spread,HOME,line,2.0,3.0,2 to <3,158,78,80,0,0.4936708860759494,-6.205793091061633,-0.0392771714624154,2.4367088607594938
spread,HOME,line,3.0,4.0,3 to <4,165,90,71,4,0.5590062111801242,9.460315196689551,0.05733524361630031,3.303030303030303
spread,HOME,line,4.0,5.0,4 to <5,72,32,39,1,0.4507042253521127,-10.001317523056654,-0.13890718782023131,4.375
spread,HOME,line,5.0,6.0,5 to <6,66,37,29,0,0.5606060606060606,4.848680385636906,0.07346485432783191,5.386363636363637
spread,HOME,line,6.0,7.0,6 to <7,113,61,52,0,0.5398230088495575,5.154469749252358,0.045614776542056264,6.384955752212389
spread,HOME,line,7.0,8.0,7 to <8,115,48,61,6,0.44036697247706424,-17.775176192567496,-0.15456674950058694,7.260869565217392
spread,HOME,line,8.0,9.0,8 to <9,47,29,17,1,0.6304347826086957,9.406314699792958,0.20013435531474377,8.361702127659575
spread,HOME,line,9.0,10.0,9 to <10,55,23,32,0,0.41818181818181815,-10.789405441579353,-0.1961710080287155,9.436363636363636
spread,HOME,line,10.0,11.0,10 to <11,58,27,30,1,0.47368421052631576,-5.734519104084322,-0.09887101903593659,10.327586206896552
spread,HOME,line,11.0,12.0,11 to <12,43,23,20,0,0.5348837209302325,0.8999518999518988,0.02092911395236974,11.313953488372093
spread,HOME,line,12.0,13.0,12 to <13,37,19,18,0,0.5135135135135135,-0.6369282891022027,-0.017214278083843314,12.364864864864865
spread,HOME,line,13.0,14.0,13 to <14,64,43,21,0,0.671875,18.634180103310538,0.29115906411422715,13.3984375
spread,HOME,line,14.0,15.0,14 to <15,54,21,33,0,0.3888888888888889,-14.288885751929227,-0.2646089954060968,14.287037037037036
spread,HOME,line,15.0,16.0,15 to <16,19,7,12,0,0.3684210526315789,-5.580151732325645,-0.29369219643819183,15.263157894736842
spread,HOME,line,16.0,17.0,16 to <17,28,13,15,0,0.4642857142857143,-2.6365361322394563,-0.09416200472283773,16.357142857142858
spread,HOME,line,17.0,18.0,17 to <18,32,10,21,1,0.3225806451612903,-11.801911454085367,-0.3688097329401677,17.25
spread,HOME,line,18.0,19.0,18 to <19,11,6,5,0,0.5454545454545454,0.39878599661208325,0.036253272419280294,18.272727272727273
spread,HOME,line,19.0,20.0,19 to <20,11,6,5,0,0.5454545454545454,0.5411255411255407,0.04919323101141279,19.227272727272727
spread,HOME,line,20.0,21.0,20 to <21,24,12,12,0,0.5,-0.7580567580567577,-0.0315856982523649,20.354166666666668
spread,HOME,line,21.0,22.0,21 to <22,19,8,11,0,0.42105263157894735,-3.7941558441558447,-0.19969241285030762,21.236842105263158
spread,HOME,line,22.0,23.0,22 to <23,11,5,6,0,0.45454545454545453,-1.4507811029550162,-0.13188919117772874,22.363636363636363
spread,HOME,line,23.0,24.0,23 to <24,11,7,4,0,0.6363636363636364,2.2883493318275923,0.20803175743887203,23.363636363636363
spread,HOME,line,24.0,25.0,24 to <25,18,7,11,0,0.3888888888888889,-4.674242424242424,-0.2596801346801347,24.333333333333332
spread,HOME,line,25.0,26.0,25 to <26,6,3,3,0,0.5,-0.3284867306606438,-0.05474778844344064,25.333333333333332
spread,HOME,line,26.0,27.0,26 to <27,3,2,1,0,0.6666666666666666,0.8181818181818181,0.2727272727272727,26.166666666666668
spread,HOME,line,27.0,28.0,27 to <28,9,4,5,0,0.4444444444444444,-1.3430369952109085,-0.14922633280121206,27.27777777777778
spread,HOME,line,28.0,29.0,28 to <29,5,3,2,0,0.6,0.7272727272727271,0.14545454545454542,28.4
spread,HOME,line,29.0,30.0,29 to <30,4,3,1,0,0.75,1.6877470355731226,0.42193675889328064,29.375
spread,HOME,line,30.0,31.0,30 to <31,6,4,2,0,0.6666666666666666,1.7705627705627704,0.2950937950937951,30.416666666666668
spread,HOME,line,31.0,32.0,31 to <32,2,1,1,0,0.5,-0.13043478260869568,-0.06521739130434784,31.25
spread,HOME,line,32.0,33.0,32 to <33,4,3,1,0,0.75,1.7873977873977873,0.44684944684944683,32.375
spread,HOME,line,33.0,34.0,33 to <34,3,3,0,0,1.0,2.7310370788631655,0.9103456929543885,33.5
spread,HOME,line,34.0,35.0,34 to <35,1,1,0,0,1.0,0.9259259259259259,0.9259259259259259,34.5
spread,HOME,line,35.0,36.0,35 to <36,4,1,3,0,0.25,-2.090909090909091,-0.5227272727272727,35.0
spread,HOME,line,36.0,37.0,36 to <37,1,0,1,0,0.0,-1.0,-1.0,36.0
spread,HOME,line,38.0,39.0,38 to <39,2,2,0,0,1.0,1.8181818181818181,0.9090909090909091,38.0
spread,HOME,line,39.0,40.0,39 to <40,1,1,0,0,1.0,0.8695652173913043,0.8695652173913043,39.5
spread,HOME,odds_american,-150.0,-100.0,-150 to <-100,3828,1904,1882,42,0.502905441098785,-159.86932310822124,-0.04176314605752906,-110.63140020898642
spread,HOME,odds_american,100.0,150.0,100 to <150,274,142,132,0,0.5182481751824818,12.319999999999993,0.044963503649635014,101.60218978102189
spread,HOME,odds_american,150.0,200.0,150 to <200,1,0,1,0,0.0,-1.0,-1.0,160.0
spread,HOME,win_probability,0.1,0.15000000000000002,0.10 to 0.15,2,1,1,0,0.5,0.0,0.0,0.1199718897579872
spread,HOME,win_probability,0.15000000000000002,0.2,0.15 to 0.20,6,1,5,0,0.16666666666666666,-4.130434782608695,-0.6884057971014492,0.1872477466687471
spread,HOME,win_probability,0.2,0.25,0.20 to 0.25,11,7,4,0,0.6363636363636364,2.248353096179183,0.20439573601628938,0.2320213490564897
spread,HOME,win_probability,0.25,0.3,0.25 to 0.30,52,23,29,0,0.4423076923076923,-7.67758328627894,-0.14764583242844115,0.27693210508487137
spread,HOME,win_probability,0.30000000000000004,0.35000000000000003,0.30 to 0.35,116,67,48,1,0.5826086956521739,12.947118179726877,0.11161308775626617,0.33086596736151713
spread,HOME,win_probability,0.35000000000000003,0.4,0.35 to 0.40,271,135,129,7,0.5113636363636364,-4.1926717878445325,-0.015471113608282409,0.3781987600988574
spread,HOME,win_probability,0.4,0.45,0.40 to 0.45,586,283,294,9,0.4904679376083189,-35.55138804834456,-0.06066789769342076,0.4282741726280913
spread,HOME,win_probability,0.45,0.5,0.45 to 0.50,1151,564,579,8,0.49343832020997375,-64.27273808186598,-0.0558407802622641,0.4768100933574529
spread,HOME,win_probability,0.5,0.55,0.50 to 0.55,1126,560,558,8,0.5008944543828264,-49.743531792668726,-0.044177204078746646,0.5232823852490153
spread,HOME,win_probability,0.55,0.6000000000000001,0.55 to 0.60,525,271,250,4,0.5201535508637236,-1.999170141248248,-0.003807943126187139,0.5717288061109929
spread,HOME,win_probability,0.6000000000000001,0.6500000000000001,0.60 to 0.65,183,97,82,4,0.5418994413407822,5.8817036065820165,0.0321404568665684,0.6191680741104574
spread,HOME,win_probability,0.65,0.7000000000000001,0.65 to 0.70,52,28,24,0,0.5384615384615384,1.6482579417362029,0.031697268110311594,0.6688108451928115
spread,HOME,win_probability,0.7000000000000001,0.7500000000000001,0.70 to 0.75,17,7,10,0,0.4117647058823529,-3.568709873057699,-0.20992411017986465,0.714329521026964
spread,HOME,win_probability,0.75,0.8,0.75 to 0.80,2,1,0,1,1.0,0.9090909090909091,0.45454545454545453,0.7759454780898514
spread,HOME,win_probability,0.8,0.8500000000000001,0.80 to 0.85,2,1,1,0,0.5,-0.04761904761904767,-0.023809523809523836,0.8056320288355965
spread,HOME,win_probability,0.8500000000000001,0.9000000000000001,0.85 to 0.90,1,0,1,0,0.0,-1.0,-1.0,0.879121947256113
total,OVER,ev,-0.45,-0.4,-0.45 to -0.40,10,3,7,0,0.3,-4.2689629211368345,-0.42689629211368346,-0.41232439732426346
total,OVER,ev,-0.4,-0.35000000000000003,-0.40 to -0.35,27,13,14,0,0.48148148148148145,-2.4343779408996804,-0.09016214595924742,-0.36887715746637817
total,OVER,ev,-0.35000000000000003,-0.30000000000000004,-0.35 to -0.30,111,47,62,2,0.43119266055045874,-19.695014325449108,-0.1774325614905325,-0.31977159534455746
total,OVER,ev,-0.30000000000000004,-0.25000000000000006,-0.30 to -0.25,233,99,133,1,0.4267241379310345,-43.40932095279921,-0.18630609850986787,-0.2721069946528172
total,OVER,ev,-0.25,-0.2,-0.25 to -0.20,518,239,276,3,0.4640776699029126,-59.45472447037665,-0.11477746036752248,-0.22329365054902936
total,OVER,ev,-0.2,-0.15000000000000002,-0.20 to -0.15,809,410,393,6,0.5105853051058531,-21.323997950519683,-0.0263584647101603,-0.17391897049448599
total,OVER,ev,-0.15000000000000002,-0.10000000000000002,-0.15 to -0.10,928,470,450,8,0.5108695652173914,-22.524402007010696,-0.024271984921347734,-0.1257457303024044
total,OVER,ev,-0.1,-0.05,-0.10 to -0.05,762,401,357,4,0.5290237467018469,9.190175042348951,0.012060597168436944,-0.076719476308652
total,OVER,ev,-0.05,0.0,-0.05 to 0.00,469,250,218,1,0.5341880341880342,11.518296840035973,0.024559268315641734,-0.028549749063095146
total,OVER,ev,0.0,0.05,0.00 to 0.05,170,98,71,1,0.5798816568047337,19.130095781834914,0.1125299751872642,0.022167523648038562
total,OVER,ev,0.05,0.1,0.05 to 0.10,56,20,34,2,0.37037037037037035,-15.227764184285922,-0.2719243604336772,0.06665841030501983
total,OVER,ev,0.1,0.15000000000000002,0.10 to 0.15,16,8,7,1,0.5333333333333333,0.458309806135893,0.028644362883493313,0.11661961426135053
total,OVER,ev,0.15000000000000002,0.2,0.15 to 0.20,3,2,1,0,0.6666666666666666,0.8614718614718613,0.2871572871572871,0.17487762270436255
total,OVER,ev,0.25,0.3,0.25 to 0.30,1,0,1,0,0.0,-1.0,-1.0,0.28611057292001885
total,OVER,kelly,0.0,0.05,0.00 to 0.05,4029,2026,1977,26,0.5061204096927304,-132.7970776244689,-0.032960307179068976,0.0009105583312056494
total,OVER,kelly,0.05,0.1,0.05 to 0.10,61,23,36,2,0.3898305084745763,-14.628845389714954,-0.2398171375363107,0.06780608500867082
total,OVER,kelly,0.1,0.15000000000000002,0.10 to 0.15,16,7,8,1,0.4666666666666667,-1.3944203944203948,-0.08715127465127467,0.11633740861850551
total,OVER,kelly,0.15000000000000002,0.2,0.15 to 0.20,5,3,2,0,0.6,0.7310370788631659,0.1462074157726332,0.16345483593900295
total,OVER,kelly,0.2,0.25,0.20 to 0.25,1,1,0,0,1.0,0.9090909090909091,0.9090909090909091,0.2162377760062494
total,OVER,kelly,0.30000000000000004,0.35000000000000003,0.30 to 0.35,1,0,1,0,0.0,-1.0,-1.0,0.30041610156601983
total,OVER,line,25.0,30.0,25 to <30,2,0,1,1,0.0,-1.0,-0.5,27.0
total,OVER,line,30.0,35.0,30 to <35,14,5,9,0,0.35714285714285715,-4.359872012045924,-0.3114194294318517,33.07142857142857
total,OVER,line,35.0,40.0,35 to <40,85,50,35,0,0.5882352941176471,10.02693079866993,0.117963891749058,38.03529411764706
total,OVER,line,40.0,45.0,40 to <45,359,178,177,4,0.5014084507042254,-15.148582094234266,-0.04219660750483083,42.958217270194986
total,OVER,line,45.0,50.0,45 to <50,853,468,381,4,0.5512367491166078,45.935097141184094,0.05385122759810562,47.490035169988275
total,OVER,line,50.0,55.0,50 to <55,1082,556,521,5,0.5162488393686165,-15.664281740803478,-0.014477155028469019,52.45656192236599
total,OVER,line,55.0,60.0,55 to <60,921,445,467,9,0.48793859649122806,-61.00567580567581,-0.06623851879009317,57.153094462540714
total,OVER,line,60.0,65.0,60 to <65,496,223,269,4,0.4532520325203252,-65.90129400390269,-0.13286551210464254,61.98588709677419
total,OVER,line,65.0,70.0,65 to <70,237,112,123,2,0.4765957446808511,-21.05988174466435,-0.08886026052600991,66.79746835443038
total,OVER,line,70.0,75.0,70 to <75,48,18,30,0,0.375,-13.485894138068051,-0.2809561278764177,71.92708333333333
total,OVER,line,75.0,80.0,75 to <80,14,5,9,0,0.35714285714285715,-4.516761821109647,-0.32262584436497477,76.53571428571429
total,OVER,line,80.0,85.0,80 to <85,2,0,2,0,0.0,-2.0,-1.0,81.25
total,OVER,odds_american,-150.0,-100.0,-150 to <-100,3925,1971,1925,29,0.5059034907597536,-138.7402154206502,-0.035347825584879033,-110.38445859872611
total,OVER,odds_american,100.0,150.0,100 to <150,188,89,99,0,0.4734042553191489,-9.440000000000001,-0.050212765957446816,100.49468085106383
total,OVER,win_probability,0.25,0.3,0.25 to 0.30,1,0,1,0,0.0,-1.0,-1.0,0.29911216430216836
total,OVER,win_probability,0.30000000000000004,0.35000000000000003,0.30 to 0.35,59,26,33,0,0.4406779661016949,-9.14754480624046,-0.15504313230916034,0.33297550205215837
total,OVER,win_probability,0.35000000000000003,0.4,0.35 to 0.40,448,196,249,3,0.4404494382022472,-70.28623523014826,-0.1568889179244381,0.3817844396109717
total,OVER,win_probability,0.4,0.45,0.40 to 0.45,1390,675,705,10,0.4891304347826087,-89.27127362170842,-0.06422393785734419,0.42824332354361966
total,OVER,win_probability,0.45,0.5,0.45 to 0.50,1609,840,758,11,0.5256570713391739,6.920883786101182,0.004301357231883892,0.47350569603603493
total,OVER,win_probability,0.5,0.55,0.50 to 0.55,540,296,242,2,0.550185873605948,26.23392914653784,0.04858135027136637,0.5178130298490867
total,OVER,win_probability,0.55,0.6000000000000001,0.55 to 0.60,61,25,33,3,0.43103448275862066,-10.408630821674299,-0.17063329215859507,0.5650879560061773
total,OVER,win_probability,0.6000000000000001,0.6500000000000001,0.60 to 0.65,4,2,2,0,0.5,-0.22134387351778662,-0.055335968379446654,0.608684533887907
total,OVER,win_probability,0.65,0.7000000000000001,0.65 to 0.70,1,0,1,0,0.0,-1.0,-1.0,0.6587395617395219
total,UNDER,ev,-0.4,-0.35000000000000003,-0.40 to -0.35,1,1,0,0,1.0,0.8695652173913043,0.8695652173913043,-0.36199135455649745
total,UNDER,ev,-0.30000000000000004,-0.25000000000000006,-0.30 to -0.25,2,1,1,0,0.5,-0.13043478260869568,-0.06521739130434784,-0.2698575661990288
total,UNDER,ev,-0.25,-0.2,-0.25 to -0.20,7,3,4,0,0.42857142857142855,-1.2727272727272725,-0.1818181818181818,-0.22662114147910134
total,UNDER,ev,-0.2,-0.15000000000000002,-0.20 to -0.15,42,21,18,3,0.5384615384615384,0.9273950686994153,0.022080834969033698,-0.17089551982225681
total,UNDER,ev,-0.15000000000000002,-0.10000000000000002,-0.15 to -0.10,158,71,86,1,0.45222929936305734,-22.871287408243926,-0.14475498359648054,-0.12071236877291727
total,UNDER,ev,-0.1,-0.05,-0.10 to -0.05,383,184,199,0,0.4804177545691906,-34.478375521419,-0.09002186820213837,-0.06990318993410409
total,UNDER,ev,-0.05,0.0,-0.05 to 0.00,705,327,373,5,0.46714285714285714,-77.75913571130963,-0.11029664639902075,-0.02423150146448262
total,UNDER,ev,0.0,0.05,0.00 to 0.05,917,428,482,7,0.4703296703296703,-94.17608334401913,-0.10270019993895216,0.02460366939789082
total,UNDER,ev,0.05,0.1,0.05 to 0.10,857,424,428,5,0.49765258215962443,-42.48354319487215,-0.04957239579331639,0.07342127186096682
total,UNDER,ev,0.1,0.15000000000000002,0.10 to 0.15,569,296,268,5,0.524822695035461,2.272404793274358,0.003993681534752826,0.12274666260949879
total,UNDER,ev,0.15000000000000002,0.2,0.15 to 0.20,286,162,123,1,0.5684210526315789,25.92624096778208,0.09065119219504224,0.17097487773830847
total,UNDER,ev,0.2,0.25,0.20 to 0.25,135,76,57,2,0.5714285714285714,12.994832381788902,0.09625801764288075,0.22243117590292086
total,UNDER,ev,0.25,0.3,0.25 to 0.30,35,19,16,0,0.5428571428571428,1.573846121672208,0.04496703204777737,0.2680652565991983
total,UNDER,ev,0.30000000000000004,0.35000000000000003,0.30 to 0.35,14,11,3,0,0.7857142857142857,7.267833615659703,0.5191309725471217,0.31776542855459283
total,UNDER,ev,0.35000000000000003,0.4,0.35 to 0.40,1,0,1,0,0.0,-1.0,-1.0,0.35375349749533924
total,UNDER,ev,0.4,0.45,0.40 to 0.45,1,0,1,0,0.0,-1.0,-1.0,0.44103047589946065
total,UNDER,kelly,0.0,0.05,0.00 to 0.05,2124,995,1114,15,0.47178757705073493,-216.432241871482,-0.1018984189602081,0.009449967934121633
total,UNDER,kelly,0.05,0.1,0.05 to 0.10,821,400,416,5,0.49019607843137253,-52.00014507930012,-0.06333757013313047,0.07384790105053096
total,UNDER,kelly,0.1,0.15000000000000002,0.10 to 0.15,578,296,276,6,0.5174825174825175,-6.468507225463746,-0.011191188971390565,0.12307505745056868
total,UNDER,kelly,0.15000000000000002,0.2,0.15 to 0.20,336,186,150,0,0.5535714285714286,20.2989975187995,0.06041368309166518,0.17177550264422553
total,UNDER,kelly,0.2,0.25,0.20 to 0.25,163,96,66,1,0.5925925925925926,22.553141142271578,0.13836282909369066,0.2235403428512957
total,UNDER,kelly,0.25,0.3,0.25 to 0.30,63,33,28,2,0.5409836065573771,2.169206558336991,0.034431850132333186,0.26880740743437853
total,UNDER,kelly,0.30000000000000004,0.35000000000000003,0.30 to 0.35,22,13,9,0,0.5909090909090909,2.9042809042809044,0.13201276837640474,0.31973389555667536
total,UNDER,kelly,0.35000000000000003,0.4,0.35 to 0.40,6,5,1,0,0.8333333333333334,3.6357989836250706,0.6059664972708451,0.3612534302235144
total,UNDER,line,25.0,30.0,25 to <30,2,1,0,1,1.0,0.9090909090909091,0.45454545454545453,27.0
total,UNDER,line,30.0,35.0,30 to <35,14,9,5,0,0.6428571428571429,3.09419244201853,0.22101374585846642,33.07142857142857
total,UNDER,line,35.0,40.0,35 to <40,85,35,50,0,0.4117647058823529,-18.18287429156994,-0.21391616813611697,38.03529411764706
total,UNDER,line,40.0,45.0,40 to <45,359,177,178,4,0.49859154929577465,-17.537822161735207,-0.04885187231681116,42.958217270194986
total,UNDER,line,45.0,50.0,45 to <50,853,381,468,4,0.44876325088339225,-122.2469835478531,-0.14331416594121113,47.490035169988275
total,UNDER,line,50.0,55.0,50 to <55,1082,521,556,5,0.48375116063138346,-82.38289652016077,-0.07613946073952012,52.45656192236599
total,UNDER,line,55.0,60.0,55 to <60,921,467,445,9,0.5120614035087719,-23.026479389112694,-0.025001606285681537,57.153094462540714
total,UNDER,line,60.0,65.0,60 to <65,496,269,223,4,0.5467479674796748,21.406517347386924,0.04315830110360267,61.98588709677419
total,UNDER,line,65.0,70.0,65 to <70,237,123,112,2,0.5234042553191489,-0.002554530815397471,-1.0778611035432368e-05,66.79746835443038
total,UNDER,line,70.0,75.0,70 to <75,48,30,18,0,0.625,9.583286278938452,0.19965179747788442,71.92708333333333
total,UNDER,line,75.0,80.0,75 to <80,14,9,5,0,0.6428571428571429,3.1855825334086205,0.22754160952918717,76.53571428571429
total,UNDER,line,80.0,85.0,80 to <85,2,2,0,0,1.0,1.8614718614718613,0.9307359307359306,81.25
total,UNDER,odds_american,-150.0,-100.0,-150 to <-100,3957,1954,1974,29,0.4974541751527495,-207.93946906893183,-0.052549777374003494,-110.69396007076068
total,UNDER,odds_american,100.0,150.0,100 to <150,156,70,86,0,0.44871794871794873,-15.400000000000002,-0.09871794871794873,100.73717948717949
total,UNDER,win_probability,0.30000000000000004,0.35000000000000003,0.30 to 0.35,1,1,0,0,1.0,0.8695652173913043,0.8695652173913043,0.34126043826047814
total,UNDER,win_probability,0.35000000000000003,0.4,0.35 to 0.40,4,2,2,0,0.5,-0.2213438735177865,-0.055335968379446626,0.3913154661120929
total,UNDER,win_probability,0.4,0.45,0.40 to 0.45,61,33,25,3,0.5689655172413793,5.207745153397327,0.0853728713671693,0.43491204399382255
total,UNDER,win_probability,0.45,0.5,0.45 to 0.50,540,242,296,2,0.44981412639405205,-76.28950456950456,-0.14127686031389733,0.48218697015091333
total,UNDER,win_probability,0.5,0.55,0.50 to 0.55,1609,758,840,11,0.47434292866082606,-151.8141660895178,-0.0943531175198992,0.5264943039639651
total,UNDER,win_probability,0.55,0.6000000000000001,0.55 to 0.60,1390,705,675,10,0.5108695652173914,-36.191705465816526,-0.02603719817684642,0.5717566764563804
total,UNDER,win_probability,0.6000000000000001,0.6500000000000001,0.60 to 0.65,448,249,196,3,0.5595505617977528,30.29406921580835,0.06762069021385793,0.6182155603890284
total,UNDER,win_probability,0.65,0.7000000000000001,0.65 to 0.70,59,33,26,0,0.559322033898305,3.9363061254365603,0.06671705297350103,0.6670244979478418
total,UNDER,win_probability,0.7000000000000001,0.7500000000000001,0.70 to 0.75,1,1,0,0,1.0,0.8695652173913043,0.8695652173913043,0.7008878356978316
