market,pick_preference,train_bets,train_win_rate,train_profit_units,train_roi,holdout_bets,holdout_win_rate,holdout_profit_units,holdout_roi,all_bets,all_win_rate,all_profit_units,all_roi,holdout_roi_rank,train_roi_rank,all_roi_rank,profitable_train,profitable_holdout,profitable_both
moneyline,best_ev,1227,0.5254934210526315,25.54312368747314,0.020817541717582023,303,0.46179401993355484,15.804596507585728,0.05216038451348425,1530,0.5128543177323666,41.34772019505887,0.0270246537222607,1.0,1.0,1.0,1,1,1
moneyline,best_prob,1227,0.5254934210526315,25.54312368747314,0.020817541717582023,303,0.46179401993355484,15.804596507585728,0.05216038451348425,1530,0.5128543177323666,41.34772019505887,0.0270246537222607,1.0,1.0,1.0,1,1,1
moneyline,best_kelly,1227,0.5254934210526315,25.54312368747314,0.020817541717582023,303,0.46179401993355484,15.804596507585728,0.05216038451348425,1530,0.5128543177323666,41.34772019505887,0.0270246537222607,1.0,1.0,1.0,1,1,1
spread,best_ev,2105,0.4963855421686747,-103.22761499187352,-0.0490392470270183,574,0.48257839721254353,-40.77734763288675,-0.07104067531861803,2679,0.4933937334843337,-144.00496262476025,-0.05375325219289297,1.0,1.0,1.0,0,0,0
spread,best_prob,2105,0.4963855421686747,-103.22761499187352,-0.0490392470270183,574,0.48257839721254353,-40.77734763288675,-0.07104067531861803,2679,0.4933937334843337,-144.00496262476025,-0.05375325219289297,1.0,1.0,1.0,0,0,0
spread,best_kelly,2105,0.4963855421686747,-103.22761499187352,-0.0490392470270183,574,0.48257839721254353,-40.77734763288675,-0.07104067531861803,2679,0.4933937334843337,-144.00496262476025,-0.05375325219289297,1.0,1.0,1.0,0,0,0
total,best_ev,2421,0.5075062552126772,-70.26169572778268,-0.02902176609986893,630,0.5111111111111111,-14.746239271354224,-0.023406729002149563,3051,0.5082562747688243,-85.00793499913689,-0.02786231891154929,1.0,1.0,1.0,0,0,0
total,best_prob,2421,0.5075062552126772,-70.26169572778268,-0.02902176609986893,630,0.5111111111111111,-14.746239271354224,-0.023406729002149563,3051,0.5082562747688243,-85.00793499913689,-0.02786231891154929,1.0,1.0,1.0,0,0,0
total,best_kelly,2421,0.5075062552126772,-70.26169572778268,-0.02902176609986893,630,0.5111111111111111,-14.746239271354224,-0.023406729002149563,3051,0.5082562747688243,-85.00793499913689,-0.02786231891154929,1.0,1.0,1.0,0,0,0
