market,metric,bucket,bets,wins,losses,pushes,avg_metric,win_rate,profit_units,roi_per_unit_risk,calibration_error
moneyline,model_probability,"(0.05, 0.1]",5,1,4,0,0.09442707943662161,0.2,6.0,1.2,0.1055729205633784
moneyline,model_probability,"(0.1, 0.15]",67,9,58,0,0.1262509397683541,0.13432835820895522,16.0,0.23880597014925373,0.008077418440601114
moneyline,model_probability,"(0.15, 0.2]",90,9,81,0,0.17731997219827425,0.1,-37.7,-0.4188888888888889,-0.07731997219827424
moneyline,model_probability,"(0.2, 0.25]",124,24,99,1,0.2259964413980254,0.1951219512195122,-2.0500000000000016,-0.016532258064516143,-0.03087449017851321
moneyline,model_probability,"(0.25, 0.3]",156,25,131,0,0.2766444867306487,0.16025641025641027,-56.5,-0.36217948717948717,-0.1163880764742384
moneyline,model_probability,"(0.3, 0.35]",188,66,122,0,0.325275613137842,0.35106382978723405,44.2,0.2351063829787234,0.02578821664939207
moneyline,model_probability,"(0.35, 0.4]",191,65,123,3,0.37594180601732957,0.34574468085106386,5.800000000000001,0.03036649214659686,-0.030197125166265715
moneyline,model_probability,"(0.4, 0.45]",195,74,121,0,0.4228267126735695,0.37948717948717947,2.589999999999998,0.013282051282051273,-0.043339533186390056
moneyline,model_probability,"(0.45, 0.5]",165,72,91,2,0.47401558342544775,0.44171779141104295,-0.240000000000002,-0.0014545454545454666,-0.0322977920144048
moneyline,model_probability,"(0.5, 0.55]",113,50,59,4,0.5221484103446615,0.45871559633027525,-2.3949388292866556,-0.021194148931740316,-0.06343281401438627
moneyline,model_probability,"(0.55, 0.6]",135,79,54,2,0.574403870426949,0.5939849624060151,12.764923051092353,0.09455498556364705,0.0195810919790661
moneyline,model_probability,"(0.6, 0.65]",125,67,55,3,0.6225240249039484,0.5491803278688525,-7.543350738940636,-0.06034680591152509,-0.07334369703509591
moneyline,model_probability,"(0.65, 0.7]",87,55,32,0,0.6729476181119137,0.632183908045977,0.2690988237420999,0.003093089928070114,-0.04076371006593671
moneyline,model_probability,"(0.7, 0.75]",85,62,23,0,0.722336184419117,0.7294117647058823,5.0510481985183695,0.059424096453157285,0.0070755802867653594
moneyline,model_probability,"(0.75, 0.8]",72,50,22,0,0.7745760074492779,0.6944444444444444,-4.801679182573678,-0.06668998864685664,-0.08013156300483348
moneyline,model_probability,"(0.8, 0.85]",70,49,21,0,0.826490992338502,0.7,-8.579909915175318,-0.12257014164536167,-0.12649099233850203
moneyline,model_probability,"(0.85, 0.9]",64,50,13,1,0.8771438271803389,0.7936507936507936,-4.111476681994815,-0.06424182315616898,-0.08349303352954529
moneyline,model_probability,"(0.9, 0.95]",42,39,3,0,0.915951291650631,0.9285714285714286,1.6510586420803137,0.03931092004953128,0.012620136920797553
moneyline,edge,"(0.00267, 0.0263]",395,111,279,5,0.018188938472290764,0.2846153846153846,7.571319284645579,0.019167896923153363,
moneyline,edge,"(0.0263, 0.0383]",395,180,213,2,0.03244459476108751,0.4580152671755725,-15.324453119793102,-0.038796083847577476,
moneyline,edge,"(0.0383, 0.0522]",394,192,198,4,0.044866957219120394,0.49230769230769234,-23.558979144356027,-0.05979436331054829,
moneyline,edge,"(0.0522, 0.0751]",395,197,196,2,0.06288975487576755,0.5012722646310432,16.874815059161833,0.04272105078268818,
moneyline,edge,"(0.0751, 0.31]",395,166,226,3,0.10536711678949211,0.42346938775510207,-15.15792871219623,-0.038374503068851214,
moneyline,ev,"(-0.0009189000000000001, 0.0191]",395,222,170,3,0.009376966260676004,0.5663265306122449,2.322055211907429,0.005878620789639061,
moneyline,ev,"(0.0191, 0.0456]",395,195,194,6,0.03205868403179663,0.5012853470437018,10.650944680387882,0.026964416912374386,
moneyline,ev,"(0.0456, 0.0864]",394,172,220,2,0.06448218855871371,0.4387755102040816,-12.947208064292614,-0.03286093417333151,
moneyline,ev,"(0.0864, 0.171]",395,153,238,4,0.12376271482041966,0.391304347826087,7.07392148354173,0.01790866198364995,
moneyline,ev,"(0.171, 1.867]",395,104,290,1,0.32196158818788223,0.2639593908629442,-36.69493994408238,-0.09289858213691742,
moneyline,kelly,"(-0.0009026, 0.0165]",395,147,244,4,0.007827705409662225,0.37595907928388744,23.99536215398068,0.06074775228855868,
moneyline,kelly,"(0.0165, 0.0379]",395,149,243,3,0.026669897755823964,0.38010204081632654,-29.255559941465172,-0.07406470871257005,
moneyline,kelly,"(0.0379, 0.066]",394,148,243,3,0.05099605872992597,0.37851662404092073,-41.858586779899255,-0.10624006796928745,
moneyline,kelly,"(0.066, 0.113]",395,191,200,4,0.08831540400678202,0.4884910485933504,26.450528173277263,0.06696336246399306,
moneyline,kelly,"(0.113, 0.25]",395,211,182,2,0.17636228407013194,0.5368956743002544,-8.926970238431469,-0.022599924654256885,
spread,model_probability,"(0.45, 0.5]",11,4,7,0,0.4900236664344371,0.36363636363636365,-2.67,-0.2427272727272727,-0.12638730279807348
spread,model_probability,"(0.5, 0.55]",1023,468,545,10,0.5330066408203539,0.46199407699901285,-109.70524159563824,-0.1072387503378673,-0.07101256382134102
spread,model_probability,"(0.55, 0.6]",1013,518,485,10,0.5712903267306999,0.5164506480558325,-13.422695141839478,-0.01325043942925911,-0.05483967867486739
spread,model_probability,"(0.6, 0.65]",348,165,174,9,0.6194627851855558,0.48672566371681414,-24.494569761961067,-0.07038669471827892,-0.13273712146874161
spread,model_probability,"(0.65, 0.7]",114,56,58,0,0.6704866003947156,0.49122807017543857,-7.264616140703092,-0.06372470298862361,-0.17925853021927707
spread,model_probability,"(0.7, 0.75]",36,16,20,0,0.7160314330065156,0.4444444444444444,-5.343601647949473,-0.14843337910970758,-0.2715869885620712
spread,model_probability,"(0.75, 0.8]",7,5,1,1,0.7815719047861854,0.8333333333333334,3.6320346320346317,0.5188620902906617,0.051761428547147936
spread,model_probability,"(0.8, 0.85]",4,1,3,0,0.8190479148575234,0.25,-2.0476190476190474,-0.5119047619047619,-0.5690479148575234
spread,edge,"(0.0194, 0.0354]",512,218,287,7,0.02927368722658217,0.4316831683168317,-87.89020699397958,-0.17166056053511636,
spread,edge,"(0.0354, 0.0505]",511,255,252,4,0.042880439981613526,0.5029585798816568,-17.5953395993038,-0.03443314990079021,
spread,edge,"(0.0505, 0.0696]",511,259,246,6,0.059717000981982765,0.5128712871287129,-8.756063439702562,-0.01713515350235335,
spread,edge,"(0.0696, 0.101]",511,251,255,5,0.08374502465676993,0.49604743083003955,-24.518108545838835,-0.047980642946847035,
spread,edge,"(0.101, 0.327]",511,250,253,8,0.14268671897803084,0.4970178926441352,-22.556590124851,-0.044142055038847355,
spread,ev,"(-0.0009571, 0.0227]",512,218,287,7,0.01093697001973696,0.4316831683168317,-88.49281380745596,-0.17283752696768742,
spread,ev,"(0.0227, 0.0522]",511,255,252,4,0.03718632473363229,0.5029585798816568,-18.157014156630527,-0.03553231733195798,
spread,ev,"(0.0522, 0.0881]",511,260,245,6,0.06926614086274395,0.5148514851485149,-6.484300420113455,-0.01268943330746273,
spread,ev,"(0.0881, 0.148]",511,250,256,5,0.11513449629080039,0.49407114624505927,-26.345465971022342,-0.05155668487479911,
spread,ev,"(0.148, 0.594]",511,250,253,8,0.22907747114368973,0.4970178926441352,-21.836714348453473,-0.04273329618092656,
spread,kelly,"(-0.0009528000000000001, 0.0246]",512,218,287,7,0.011969215453275131,0.4316831683168317,-88.03393181987832,-0.17194127308569984,
spread,kelly,"(0.0246, 0.0562]",511,255,252,4,0.040488622604862225,0.5029585798816568,-17.722958646922837,-0.034682893633899876,
spread,kelly,"(0.0562, 0.0955]",511,258,249,4,0.07551451323125753,0.5088757396449705,-12.246669500308622,-0.02396608512780552,
spread,kelly,"(0.0955, 0.161]",511,254,252,5,0.12557619834740585,0.5019762845849802,-18.611955713164257,-0.03642261392008661,
spread,kelly,"(0.161, 0.25]",511,248,253,10,0.21692183502679963,0.49500998003992014,-24.700793023401715,-0.0483381468168331,
total,model_probability,"(0.45, 0.5]",4,3,1,0,0.4880008015159134,0.75,2.25,0.5625,0.2619991984840866
total,model_probability,"(0.5, 0.55]",1133,520,606,7,0.5354877042718429,0.46181172291296624,-127.46606996663905,-0.11250315089729837,-0.07367598135887665
total,model_probability,"(0.55, 0.6]",1560,792,754,14,0.5716654387868743,0.5122897800776197,-35.11500910259842,-0.022509621219614372,-0.05937565870925454
total,model_probability,"(0.6, 0.65]",418,222,193,3,0.6178232050640153,0.5349397590361445,8.613386452516886,0.020606187685447096,-0.08288344602787079
total,model_probability,"(0.65, 0.7]",31,16,15,0,0.6671312702442143,0.5161290322580645,-0.37559863646820124,-0.01211608504736133,-0.15100223798614976
total,model_probability,"(0.7, 0.75]",1,1,0,0,0.7068284434773331,1.0,0.9090909090909091,0.9090909090909091,0.2931715565226669
total,edge,"(0.0167, 0.0382]",630,287,340,3,0.03089910621206918,0.45773524720893144,-79.1908831014276,-0.12569981444671047,
total,edge,"(0.0382, 0.0526]",629,305,321,3,0.04542608644055424,0.48722044728434505,-43.942674884438624,-0.06986116833774025,
total,edge,"(0.0526, 0.0697]",629,305,316,8,0.06073075880354344,0.49114331723027377,-37.26632055545099,-0.05924693252058981,
total,edge,"(0.0697, 0.0919]",629,330,293,6,0.08002788883243141,0.5296950240770465,7.1915384561230455,0.011433288483502457,
total,edge,"(0.0919, 0.207]",630,327,299,4,0.11521999258672157,0.5223642172523961,2.0241397410962616,0.00321292022396232,
total,ev,"(-0.00099091, 0.0277]",630,287,340,3,0.013604764622550345,0.45773524720893144,-79.895207762274,-0.1268177900988476,
total,ev,"(0.0277, 0.0552]",629,307,319,3,0.04139348084814345,0.4904153354632588,-40.487995273647456,-0.06436883191358896,
total,ev,"(0.0552, 0.0884]",629,304,317,8,0.0708387843965267,0.4895330112721417,-39.043693093282926,-0.06207264402747683,
total,ev,"(0.0884, 0.131]",629,328,295,6,0.10775916645677945,0.5264847512038523,3.9734026466828842,0.006317015336538767,
total,ev,"(0.131, 0.357]",630,328,298,4,0.17604179768706893,0.5239616613418531,4.269293138423569,0.0067766557752755065,
total,kelly,"(-0.00099, 0.0303]",630,289,338,3,0.014997669253864261,0.4609250398724083,-75.8248143875328,-0.12035684823417904,
total,kelly,"(0.0303, 0.0603]",629,303,323,3,0.04554883839778212,0.4840255591054313,-47.389632766589294,-0.07534122856373497,
total,kelly,"(0.0603, 0.0965]",629,307,314,8,0.07754493196815036,0.4943639291465378,-33.32066571808163,-0.052974031348301476,
total,kelly,"(0.0965, 0.143]",629,327,296,6,0.11808366252352652,0.5248796147672552,1.6228390395975385,0.002580030269630427,
total,kelly,"(0.143, 0.25]",630,328,298,4,0.18827470696359408,0.5239616613418531,3.728073488508267,0.005917576965886138,
