season,week,game_id,away_team,home_team,predicted_away_score,predicted_home_score,predicted_total,predicted_home_spread,predicted_away_spread
2026,1,401856766,North Carolina Tar Heels,TCU Horned Frogs,20.3,26.6,47.0,-6.3,6.3
2026,1,401864494,San José State Spartans,USC Trojans,12.9,44.9,57.9,-32.0,32.0
2026,1,401858202,NC State Wolfpack,Virginia Cavaliers,22.8,27.0,49.8,-4.2,4.2
2026,1,401858201,Hawai'i Rainbow Warriors,Stanford Cardinal,22.0,23.8,45.8,-1.8,1.8
2026,1,401864577,Jacksonville State Gamecocks,North Dakota State Bison,18.7,27.6,46.2,-8.9,8.9
2026,1,401866408,Sacramento State Hornets,Eastern Michigan Eagles,25.0,26.6,51.6,-1.6,1.6
2026,1,401862693,Memphis Tigers,UNLV Rebels,24.5,30.8,55.3,-6.3,6.3
2026,1,401864570,New Mexico State Aggies,Florida State Seminoles,12.3,40.3,52.6,-28.0,28.0
2026,1,401858423,Massachusetts Minutemen,Rutgers Scarlet Knights,13.7,38.2,52.0,-24.5,24.5
2026,1,401858204,Akron Zips,Wake Forest Demon Deacons,13.0,34.0,47.0,-21.0,21.0
2026,1,401856663,Arkansas-Pine Bluff Golden Lions,Missouri Tigers,1.0,57.3,58.3,-56.3,56.3
2026,1,401856767,Bethune-Cookman Wildcats,UCF Knights,6.7,49.0,55.6,-42.3,42.3
2026,1,401858422,Eastern Illinois Panthers,Minnesota Golden Gophers,5.2,45.2,50.4,-40.0,40.0
2026,1,401856768,Idaho Vandals,Utah Utes,10.7,43.5,54.2,-32.8,32.8
2026,1,401864424,Merrimack Warriors,Delaware Blue Hens,12.1,41.9,54.0,-29.8,29.8
2026,1,401866409,UAlbany Great Danes,Buffalo Bulls,13.9,33.4,47.3,-19.5,19.5
2026,1,401864425,West Georgia Wolves,Kennesaw State Owls,15.0,35.0,50.0,-20.0,20.0
2026,1,401856776,Colorado Buffaloes,Georgia Tech Yellow Jackets,22.3,28.2,50.5,-5.9,5.9
2026,1,401858424,UAB Blazers,Illinois Fighting Illini,15.9,40.2,56.0,-24.3,24.3
2026,1,401858436,Fresno State Bulldogs,USC Trojans,16.3,33.5,49.7,-17.2,17.2
2026,1,401858206,Miami Hurricanes,Stanford Cardinal,32.9,13.0,45.9,19.9,-19.9
2026,1,401864495,San José State Spartans,Eastern Michigan Eagles,25.9,28.1,54.0,-2.2,2.2
2026,1,401858435,Indiana State Sycamores,Purdue Boilermakers,11.1,43.9,55.0,-32.8,32.8
2026,1,401856769,Long Island University Sharks,Kansas Jayhawks,5.2,47.2,52.4,-42.0,42.0
2026,1,401866623,North Carolina A&T Aggies,Georgia State Panthers,14.9,44.3,59.2,-29.4,29.4
2026,1,401856664,UTEP Miners,Oklahoma Sooners,5.9,40.6,46.4,-34.7,34.7
2026,1,401858429,Toledo Rockets,Michigan State Spartans,21.2,24.9,46.1,-3.7,3.7
2026,1,401864496,Duquesne Dukes,Air Force Falcons,13.6,43.3,56.9,-29.7,29.7
2026,1,401856634,East Carolina Pirates,Alabama Crimson Tide,14.7,37.3,52.0,-22.6,22.6
2026,1,401858430,Ohio Bobcats,Nebraska Cornhuskers,13.6,32.4,46.0,-18.8,18.8
2026,1,401856778,Oregon State Beavers,Houston Cougars,14.8,33.7,48.5,-18.9,18.9
2026,1,401862701,Bryant Bulldogs,Army Black Knights,7.9,41.8,49.8,-33.9,33.9
2026,1,401856780,Coastal Carolina Chanticleers,West Virginia Mountaineers,19.4,34.8,54.1,-15.4,15.4
2026,1,401861962,Lafayette Leopards,UConn Huskies,16.9,35.1,52.0,-18.2,18.2
2026,1,401869960,Liberty Flames,James Madison Dukes,21.0,28.8,49.8,-7.8,7.8
2026,1,401858208,New Hampshire Wildcats,Syracuse Orange,10.4,42.5,52.9,-32.1,32.1
2026,1,401858425,North Texas Mean Green,Indiana Hoosiers,12.0,44.0,56.0,-32.0,32.0
2026,1,401856779,Southeast Missouri State Redhawks,Iowa State Cyclones,11.1,41.0,52.1,-29.9,29.9
2026,1,401866410,Tarleton State Texans,Bowling Green Falcons,22.3,24.3,46.6,-2.0,2.0
2026,1,401858432,Ball State Cardinals,Ohio State Buckeyes,2.8,50.3,53.1,-47.5,47.5
2026,1,401858433,Boise State Broncos,Oregon Ducks,13.8,36.8,50.7,-23.0,23.0
2026,1,401858207,Miami (OH) RedHawks,Pittsburgh Panthers,16.7,30.0,46.8,-13.3,13.3
2026,1,401856665,Kent State Golden Flashes,South Carolina Gamecocks,11.4,40.5,51.9,-29.1,29.1
2026,1,401856659,Youngstown State Penguins,Kentucky Wildcats,17.8,40.8,58.6,-23.0,23.0
2026,1,401862698,Rhode Island Rams,Temple Owls,18.2,32.8,51.0,-14.6,14.6
2026,1,401856636,Baylor Bears,Auburn Tigers,24.6,31.8,56.4,-7.2,7.2
2026,1,401864499,Fordham Rams,North Dakota State Bison,5.3,47.1,52.5,-41.8,41.8
2026,1,401856667,Texas State Bobcats,Texas Longhorns,15.8,42.2,58.0,-26.4,26.4
2026,1,401862700,UT Rio Grande Valley Vaqueros,UTSA Roadrunners,16.0,40.4,56.4,-24.4,24.4
2026,1,401856772,Oklahoma State Cowboys,Tulsa Golden Hurricane,31.7,22.7,54.4,9.0,-9.0
2026,1,401856658,Tennessee State Tigers,Georgia Bulldogs,1.5,53.4,54.9,-51.9,51.9
2026,1,401856635,North Alabama Lions,Arkansas Razorbacks,10.8,50.2,61.1,-39.4,39.4
2026,1,401858426,Northern Illinois Huskies,Iowa Hawkeyes,7.5,35.9,43.4,-28.4,28.4
2026,1,401856777,Boston College Eagles,Cincinnati Bearcats,21.0,31.7,52.7,-10.7,10.7
2026,1,401856666,Furman Paladins,Tennessee Volunteers,7.1,55.0,62.1,-47.9,47.9
2026,1,401866627,Maine Black Bears,App State Mountaineers,14.3,36.6,50.9,-22.3,22.3
2026,1,401858434,Marshall Thundering Herd,Penn State Nittany Lions,15.2,36.5,51.7,-21.3,21.3
2026,1,401862694,The Citadel Bulldogs,Charlotte 49ers,13.3,34.9,48.2,-21.6,21.6
2026,1,401862696,Towson Tigers,Navy Midshipmen,10.5,39.9,50.4,-29.4,29.4
2026,1,401858209,Tulane Green Wave,Duke Blue Devils,23.2,27.1,50.2,-3.9,3.9
2026,1,401868356,Alcorn State Braves,Southern Miss Golden Eagles,13.4,35.9,49.4,-22.5,22.5
2026,1,401864497,UNLV Rebels,Hawai'i Rainbow Warriors,24.0,25.9,49.9,-1.9,1.9
2026,1,401860878,Wyoming Cowboys,Colorado State Rams,21.9,22.4,44.3,-0.5,0.5
2026,1,401860880,Idaho State Bengals,Utah State Aggies,21.1,35.8,56.9,-14.7,14.7
2026,1,401856770,Abilene Christian Wildcats,Texas Tech Red Raiders,5.8,49.1,55.0,-43.3,43.3
2026,1,401862695,Arkansas State Red Wolves,Memphis Tigers,20.9,31.0,51.9,-10.1,10.1
2026,1,401856669,Austin Peay Governors,Vanderbilt Commodores,14.2,41.4,55.6,-27.2,27.2
2026,1,401868140,Eastern Kentucky Colonels,Jacksonville State Gamecocks,15.7,35.9,51.6,-20.2,20.2
2026,1,401862697,Houston Christian Huskies,Rice Owls,13.7,34.1,47.8,-20.4,20.4
2026,1,401856668,Missouri State Bears,Texas A&M Aggies,8.7,42.5,51.2,-33.8,33.8
2026,1,401867866,Murray State Racers,Middle Tennessee Blue Raiders,15.4,37.2,52.6,-21.8,21.8
2026,1,401856771,Nicholls Colonels,Kansas State Wildcats,6.5,46.0,52.5,-39.5,39.5
2026,1,401867973,Norfolk State Spartans,Old Dominion Monarchs,5.0,45.1,50.0,-40.1,40.1
2026,1,401868316,SE Louisiana Lions,South Alabama Jaguars,19.4,31.9,51.3,-12.5,12.5
2026,1,401870763,Sam Houston Bearkats,Troy Trojans,18.0,32.6,50.6,-14.6,14.6
2026,1,401856775,Utah Tech Trailblazers,BYU Cougars,4.7,52.8,57.5,-48.1,48.1
2026,1,401856660,Clemson Tigers,LSU Tigers,20.2,28.5,48.7,-8.3,8.3
2026,1,401856773,Northern Arizona Lumberjacks,Arizona Wildcats,12.3,41.9,54.3,-29.6,29.6
2026,1,401869129,Northwestern State Demons,Louisiana Tech Bulldogs,6.0,47.1,53.1,-41.1,41.1
2026,1,401860879,Portland State Vikings,San Diego State Aztecs,9.3,47.3,56.6,-38.0,38.0
2026,1,401856662,UL Monroe Warhawks,Mississippi State Bulldogs,14.4,37.3,51.7,-22.9,22.9
2026,1,401868170,Charleston Southern Buccaneers,Georgia Southern Eagles,11.3,39.4,50.7,-28.1,28.1
2026,1,401862699,Florida International Panthers,South Florida Bulls,18.4,33.5,52.0,-15.1,15.1
2026,1,401869142,Lamar Cardinals,Louisiana Ragin' Cajuns,15.3,33.7,49.0,-18.4,18.4
2026,1,401870790,Mercyhurst Lakers,New Mexico State Aggies,9.6,40.2,49.8,-30.6,30.6
2026,1,401866411,Mississippi Valley State Delta Devils,Sacramento State Hornets,7.8,46.3,54.1,-38.5,38.5
2026,1,401856774,Morgan State Bears,Arizona State Sun Devils,1.7,48.1,49.8,-46.4,46.4
2026,1,401858431,South Dakota State Jackrabbits,Northwestern Wildcats,17.9,28.4,46.3,-10.5,10.5
2026,1,401858210,UCLA Bruins,California Golden Bears,24.5,27.3,51.9,-2.8,2.8
2026,1,401858211,VMI Keydets,Virginia Tech Hokies,2.2,56.1,58.3,-53.9,53.9
2026,1,401864432,Western Kentucky Hilltoppers,Nevada Wolf Pack,25.9,23.5,49.4,2.4,-2.4
2026,1,401858428,Western Michigan Broncos,Michigan Wolverines,14.0,34.1,48.1,-20.1,20.1
2026,1,401856637,Florida Atlantic Owls,Florida Gators,16.3,40.5,56.9,-24.2,24.2
2026,1,401864498,Central Michigan Chippewas,New Mexico Lobos,17.4,29.8,47.1,-12.4,12.4
2026,1,401858427,Hampton Pirates,Maryland Terrapins,4.5,49.4,53.9,-44.9,44.9
2026,1,401858437,Washington State Cougars,Washington Huskies,15.2,34.6,49.9,-19.4,19.4
2026,1,401856661,Louisville Cardinals,Ole Miss Rebels,21.9,29.9,51.8,-8.0,8.0
2026,1,401858438,Wisconsin Badgers,Notre Dame Fighting Irish,11.4,34.1,45.5,-22.7,22.7
2026,1,401858212,SMU Mustangs,Florida State Seminoles,26.6,25.1,51.7,1.5,-1.5
