year,season_type,week,game_id,kickoff_utc,home_team,away_team,spread,total,home_ml,away_ml,book_spread,book_total,book_ml
2026,regular,1,401856634,2026-09-05T04:00:00.000Z,Alabama,East Carolina,,,,,,,
2026,regular,1,401856635,2026-09-05T04:00:00.000Z,Arkansas,North Alabama,,,,,,,
2026,regular,1,401856636,2026-09-05T04:00:00.000Z,Auburn,Baylor,-6.5,59.5,-269,209,DraftKings,DraftKings,DraftKings
2026,regular,1,401856637,2026-09-05T04:00:00.000Z,Florida,Florida Atlantic,,,,,,,
2026,regular,1,401856658,2026-09-05T04:00:00.000Z,Georgia,Tennessee State,,,,,,,
2026,regular,1,401856659,2026-09-05T04:00:00.000Z,Kentucky,Youngstown State,,,,,,,
2026,regular,1,401856660,2026-09-05T04:00:00.000Z,LSU,Clemson,-10.5,50.5,-453,328,DraftKings,DraftKings,DraftKings
2026,regular,1,401856661,2026-09-06T23:30:00.000Z,Ole Miss,Louisville,-7,53.5,-297,228,DraftKings,DraftKings,DraftKings
2026,regular,1,401856662,2026-09-05T04:00:00.000Z,Mississippi State,UL Monroe,,,,,,,
2026,regular,1,401856663,2026-09-03T04:00:00.000Z,Missouri,Arkansas-Pine Bluff,,,,,,,
2026,regular,1,401856664,2026-09-05T04:00:00.000Z,Oklahoma,UTEP,,,,,,,
2026,regular,1,401856665,2026-09-05T04:00:00.000Z,South Carolina,Kent State,,,,,,,
2026,regular,1,401856666,2026-09-05T04:00:00.000Z,Tennessee,Furman,,,,,,,
2026,regular,1,401856667,2026-09-05T04:00:00.000Z,Texas,Texas State,,,,,,,
2026,regular,1,401856668,2026-09-05T04:00:00.000Z,Texas A&M,Missouri State,,,,,,,
2026,regular,1,401856669,2026-09-05T04:00:00.000Z,Vanderbilt,Austin Peay,,,,,,,
2026,regular,1,401856766,2026-08-29T04:00:00.000Z,TCU,North Carolina,-6.5,49.5,-249,195,DraftKings,DraftKings,DraftKings
2026,regular,1,401856767,2026-09-03T04:00:00.000Z,UCF,Bethune-Cookman,,,,,,,
2026,regular,1,401856768,2026-09-03T04:00:00.000Z,Utah,Idaho,,,,,,,
2026,regular,1,401856769,2026-09-04T04:00:00.000Z,Kansas,Long Island University,,,,,,,
2026,regular,1,401856770,2026-09-05T04:00:00.000Z,Texas Tech,Abilene Christian,,,,,,,
2026,regular,1,401856771,2026-09-05T04:00:00.000Z,Kansas State,Nicholls,,,,,,,
2026,regular,1,401856772,2026-09-05T04:00:00.000Z,Tulsa,Oklahoma State,,,,,,,
2026,regular,1,401856773,2026-09-05T04:00:00.000Z,Arizona,Northern Arizona,,,,,,,
2026,regular,1,401856774,2026-09-05T04:00:00.000Z,Arizona State,Morgan State,,,,,,,
2026,regular,1,401856775,2026-09-05T04:00:00.000Z,BYU,Utah Tech,,,,,,,
2026,regular,1,401856776,2026-09-03T04:00:00.000Z,Georgia Tech,Colorado,,,,,,,
2026,regular,1,401856777,2026-09-05T04:00:00.000Z,Cincinnati,Boston College,,,,,,,
2026,regular,1,401856778,2026-09-05T04:00:00.000Z,Houston,Oregon State,,,,,,,
2026,regular,1,401856779,2026-09-05T04:00:00.000Z,Iowa State,Southeast Missouri State,,,,,,,
2026,regular,1,401856780,2026-09-05T04:00:00.000Z,West Virginia,Coastal Carolina,,,,,,,
2026,regular,1,401858201,2026-08-29T04:00:00.000Z,Stanford,Hawai'i,,,,,,,
2026,regular,1,401858202,2026-08-29T04:00:00.000Z,Virginia,NC State,-3,53.5,-160,128,DraftKings,DraftKings,DraftKings
2026,regular,1,401858204,2026-09-03T04:00:00.000Z,Wake Forest,Akron,,,,,,,
2026,regular,1,401858206,2026-09-04T04:00:00.000Z,Stanford,Miami,,,,,,,
2026,regular,1,401858207,2026-09-05T04:00:00.000Z,Pittsburgh,Miami (OH),,,,,,,
2026,regular,1,401858208,2026-09-05T04:00:00.000Z,Syracuse,New Hampshire,,,,,,,
2026,regular,1,401858209,2026-09-05T04:00:00.000Z,Duke,Tulane,,,,,,,
2026,regular,1,401858210,2026-09-05T04:00:00.000Z,California,UCLA,-1.5,53.5,-165,140,Bovada,Bovada,Bovada
2026,regular,1,401858211,2026-09-05T04:00:00.000Z,Virginia Tech,VMI,,,,,,,
2026,regular,1,401858212,2026-09-07T04:00:00.000Z,Florida State,SMU,,,,,,,
2026,regular,1,401858422,2026-09-03T04:00:00.000Z,Minnesota,Eastern Illinois,,,,,,,
2026,regular,1,401858423,2026-09-03T04:00:00.000Z,Rutgers,Massachusetts,,,,,,,
2026,regular,1,401858424,2026-09-05T04:00:00.000Z,Illinois,UAB,,,,,,,
2026,regular,1,401858425,2026-09-05T04:00:00.000Z,Indiana,North Texas,,,,,,,
2026,regular,1,401858426,2026-09-05T04:00:00.000Z,Iowa,Northern Illinois,,,,,,,
2026,regular,1,401858427,2026-09-05T04:00:00.000Z,Maryland,Howard,,,,,,,
2026,regular,1,401858428,2026-09-05T04:00:00.000Z,Michigan,Western Michigan,,,,,,,
2026,regular,1,401858429,2026-09-05T04:00:00.000Z,Michigan State,Toledo,,,,,,,
2026,regular,1,401858430,2026-09-05T04:00:00.000Z,Nebraska,Ohio,,,,,,,
2026,regular,1,401858431,2026-09-05T04:00:00.000Z,Northwestern,South Dakota State,,,,,,,
2026,regular,1,401858432,2026-09-05T04:00:00.000Z,Ohio State,Ball State,,,,,,,
2026,regular,1,401858433,2026-09-05T04:00:00.000Z,Oregon,Boise State,,,,,,,
2026,regular,1,401858434,2026-09-05T04:00:00.000Z,Penn State,Marshall,,,,,,,
2026,regular,1,401858435,2026-09-05T04:00:00.000Z,Purdue,Indiana State,,,,,,,
2026,regular,1,401858436,2026-09-05T04:00:00.000Z,USC,Fresno State,,,,,,,
2026,regular,1,401858437,2026-09-05T04:00:00.000Z,Washington,Washington State,,,,,,,
2026,regular,1,401858438,2026-09-06T04:00:00.000Z,Wisconsin,Notre Dame,20.5,47.5,970,-2400,DraftKings,DraftKings,DraftKings
2026,regular,1,401860878,2026-09-05T04:00:00.000Z,Colorado State,Wyoming,,,,,,,
2026,regular,1,401860879,2026-09-05T04:00:00.000Z,San Diego State,Portland State,,,,,,,
2026,regular,1,401860880,2026-09-05T04:00:00.000Z,Utah State,Idaho State,,,,,,,
2026,regular,1,401861962,2026-09-05T04:00:00.000Z,UConn,Lafayette,,,,,,,
2026,regular,1,401862693,2026-08-29T04:00:00.000Z,UNLV,Memphis,,,,,,,
2026,regular,1,401862694,2026-09-05T04:00:00.000Z,Charlotte,The Citadel,,,,,,,
2026,regular,1,401862695,2026-09-05T04:00:00.000Z,Memphis,Arkansas State,,,,,,,
2026,regular,1,401862696,2026-09-05T04:00:00.000Z,Navy,Towson,,,,,,,
2026,regular,1,401862697,2026-09-05T04:00:00.000Z,Rice,Houston Christian,,,,,,,
2026,regular,1,401862698,2026-09-05T04:00:00.000Z,Temple,Rhode Island,,,,,,,
2026,regular,1,401862699,2026-09-05T04:00:00.000Z,South Florida,Florida International,,,,,,,
2026,regular,1,401862700,2026-09-05T04:00:00.000Z,UTSA,UT Rio Grande Valley,,,,,,,
2026,regular,1,401862701,2026-09-05T04:00:00.000Z,Army,Bryant,,,,,,,
2026,regular,1,401864424,2026-09-03T04:00:00.000Z,Delaware,Merrimack,,,,,,,
2026,regular,1,401864425,2026-09-03T04:00:00.000Z,Kennesaw State,West Georgia,,,,,,,
2026,regular,1,401864432,2026-09-05T04:00:00.000Z,Nevada,Western Kentucky,,,,,,,
2026,regular,1,401864494,2026-08-29T04:00:00.000Z,USC,San José State,,,,,,,
2026,regular,1,401864495,2026-09-04T04:00:00.000Z,Eastern Michigan,San José State,,,,,,,
2026,regular,1,401864496,2026-09-05T04:00:00.000Z,Air Force,Duquesne,,,,,,,
2026,regular,1,401864497,2026-09-05T04:00:00.000Z,Hawai'i,UNLV,,,,,,,
2026,regular,1,401864498,2026-09-05T04:00:00.000Z,New Mexico,Central Michigan,,,,,,,
2026,regular,1,401864499,2026-09-05T04:00:00.000Z,North Dakota State,Fordham,,,,,,,
2026,regular,1,401864570,2026-08-29T04:00:00.000Z,Florida State,New Mexico State,,,,,,,
2026,regular,1,401864577,2026-08-29T04:00:00.000Z,North Dakota State,Jacksonville State,,,,,,,
2026,regular,1,401866408,2026-08-29T04:00:00.000Z,Eastern Michigan,Sacramento State,,,,,,,
2026,regular,1,401866409,2026-09-03T04:00:00.000Z,Buffalo,UAlbany,,,,,,,
2026,regular,1,401866410,2026-09-05T04:00:00.000Z,Bowling Green,Tarleton State,,,,,,,
2026,regular,1,401866411,2026-09-05T04:00:00.000Z,Sacramento State,Mississippi Valley State,,,,,,,
2026,regular,1,401866623,2026-09-04T04:00:00.000Z,Georgia State,North Carolina A&T,,,,,,,
2026,regular,1,401866627,2026-09-05T04:00:00.000Z,App State,Maine,,,,,,,
2026,regular,1,401867866,2026-09-05T04:00:00.000Z,Middle Tennessee,Murray State,,,,,,,
2026,regular,1,401867973,2026-09-05T04:00:00.000Z,Old Dominion,Norfolk State,,,,,,,
2026,regular,1,401868140,2026-09-05T04:00:00.000Z,Jacksonville State,Eastern Kentucky,,,,,,,
2026,regular,1,401868170,2026-09-05T04:00:00.000Z,Georgia Southern,Charleston Southern,,,,,,,
2026,regular,1,401868316,2026-09-05T04:00:00.000Z,South Alabama,SE Louisiana,,,,,,,
2026,regular,1,401868356,2026-09-05T04:00:00.000Z,Southern Miss,Alcorn State,,,,,,,
2026,regular,1,401869129,2026-09-05T04:00:00.000Z,Louisiana Tech,Northwestern State,,,,,,,
2026,regular,1,401869142,2026-09-05T04:00:00.000Z,Louisiana,Lamar,,,,,,,
2026,regular,2,401856670,2026-09-12T04:00:00.000Z,Utah,Arkansas,,,,,,,
2026,regular,2,401856671,2026-09-12T04:00:00.000Z,Auburn,Southern Miss,,,,,,,
2026,regular,2,401856672,2026-09-12T04:00:00.000Z,Florida,Campbell,,,,,,,
2026,regular,2,401856673,2026-09-12T04:00:00.000Z,Georgia,Western Kentucky,,,,,,,
2026,regular,2,401856674,2026-09-12T04:00:00.000Z,Kentucky,Alabama,,,,,,,
2026,regular,2,401856676,2026-09-12T04:00:00.000Z,Ole Miss,Charlotte,,,,,,,
2026,regular,2,401856677,2026-09-12T04:00:00.000Z,Minnesota,Mississippi State,,,,,,,
2026,regular,2,401856678,2026-09-12T04:00:00.000Z,Kansas,Missouri,,,,,,,
2026,regular,2,401856679,2026-09-12T04:00:00.000Z,Michigan,Oklahoma,-2.5,45.5,-115,-105,Bovada,Bovada,Bovada
2026,regular,2,401856680,2026-09-12T04:00:00.000Z,South Carolina,Towson,,,,,,,
2026,regular,2,401856681,2026-09-12T04:00:00.000Z,Georgia Tech,Tennessee,,,,,,,
2026,regular,2,401856682,2026-09-12T04:00:00.000Z,Texas,Ohio State,-1.5,47.5,-130,110,Bovada,Bovada,Bovada
2026,regular,2,401856683,2026-09-12T04:00:00.000Z,Texas A&M,Arizona State,,,,,,,
2026,regular,2,401856684,2026-09-12T04:00:00.000Z,Vanderbilt,Delaware,,,,,,,
2026,regular,2,401856781,2026-09-12T04:00:00.000Z,Kansas State,Washington State,,,,,,,
2026,regular,2,401856782,2026-09-12T04:00:00.000Z,Oklahoma State,Oregon,,,,,,,
2026,regular,2,401856783,2026-09-12T04:00:00.000Z,Oregon State,Texas Tech,,,,,,,
2026,regular,2,401856784,2026-09-12T04:00:00.000Z,Baylor,Prairie View A&M,,,,,,,
2026,regular,2,401856785,2026-09-12T04:00:00.000Z,Colorado,Weber State,,,,,,,
2026,regular,2,401856786,2026-09-12T04:00:00.000Z,Cincinnati,Western Carolina,,,,,,,
2026,regular,2,401856787,2026-09-12T04:00:00.000Z,Houston,Southern,,,,,,,
2026,regular,2,401856788,2026-09-12T04:00:00.000Z,Iowa,Iowa State,,,,,,,
2026,regular,2,401856789,2026-09-12T04:00:00.000Z,TCU,Grambling,,,,,,,
2026,regular,2,401856790,2026-09-12T04:00:00.000Z,Pittsburgh,UCF,,,,,,,
2026,regular,2,401856791,2026-09-12T04:00:00.000Z,West Virginia,UT Martin,,,,,,,
2026,regular,2,401856810,2026-09-12T04:00:00.000Z,BYU,Arizona,,,,,,,
2026,regular,2,401858213,2026-09-10T04:00:00.000Z,Miami,Florida A&M,,,,,,,
2026,regular,2,401858214,2026-09-11T04:00:00.000Z,Boston College,Rutgers,,,,,,,
2026,regular,2,401858215,2026-09-11T04:00:00.000Z,Louisville,Villanova,,,,,,,
2026,regular,2,401858216,2026-09-12T04:00:00.000Z,Syracuse,California,,,,,,,
2026,regular,2,401858217,2026-09-12T04:00:00.000Z,Illinois,Duke,,,,,,,
2026,regular,2,401858218,2026-09-12T04:00:00.000Z,North Carolina,East Tennessee State,,,,,,,
2026,regular,2,401858219,2026-09-12T04:00:00.000Z,Clemson,Georgia Southern,,,,,,,
2026,regular,2,401858220,2026-09-12T04:00:00.000Z,Virginia,Norfolk State,,,,,,,
2026,regular,2,401858221,2026-09-12T04:00:00.000Z,Virginia Tech,Old Dominion,,,,,,,
2026,regular,2,401858222,2026-09-12T04:00:00.000Z,NC State,Richmond,,,,,,,
2026,regular,2,401858223,2026-09-12T04:00:00.000Z,SMU,UC Davis,,,,,,,
2026,regular,2,401858224,2026-09-12T04:00:00.000Z,Purdue,Wake Forest,,,,,,,
2026,regular,2,401858439,2026-09-12T04:00:00.000Z,Indiana,Howard,,,,,,,
2026,regular,2,401858440,2026-09-12T04:00:00.000Z,Michigan State,Eastern Michigan,,,,,,,
2026,regular,2,401858441,2026-09-12T04:00:00.000Z,Nebraska,Bowling Green,,,,,,,
2026,regular,2,401858442,2026-09-12T04:00:00.000Z,Temple,Penn State,,,,,,,
2026,regular,2,401858443,2026-09-12T04:00:00.000Z,UCLA,San Diego State,,,,,,,
2026,regular,2,401858444,2026-09-12T04:00:00.000Z,UConn,Maryland,,,,,,,
2026,regular,2,401858445,2026-09-12T04:00:00.000Z,USC,Louisiana,,,,,,,
2026,regular,2,401858446,2026-09-12T04:00:00.000Z,Washington,Utah State,,,,,,,
2026,regular,2,401858447,2026-09-12T04:00:00.000Z,Wisconsin,Western Illinois,,,,,,,
2026,regular,2,401859184,2026-09-12T04:00:00.000Z,Notre Dame,Rice,,,,,,,
2026,regular,2,401860881,2026-09-12T04:00:00.000Z,Boise State,Memphis,,,,,,,
2026,regular,2,401860882,2026-09-12T04:00:00.000Z,Colorado State,Southern Utah,,,,,,,
2026,regular,2,401860883,2026-09-12T04:00:00.000Z,Fresno State,Sacramento State,,,,,,,
2026,regular,2,401860884,2026-09-12T04:00:00.000Z,Texas State,UTSA,,,,,,,
2026,regular,2,401862702,2026-09-12T04:00:00.000Z,Army,South Florida,,,,,,,
2026,regular,2,401862703,2026-09-12T04:00:00.000Z,Florida Atlantic,Navy,,,,,,,
2026,regular,2,401862705,2026-09-12T04:00:00.000Z,North Texas,UNLV,,,,,,,
2026,regular,2,401862707,2026-09-12T04:00:00.000Z,Sam Houston,Tulsa,,,,,,,
2026,regular,2,401862708,2026-09-12T04:00:00.000Z,UAB,UL Monroe,,,,,,,
2026,regular,2,401864500,2026-09-12T04:00:00.000Z,Nevada,Montana State,,,,,,,
2026,regular,2,401864502,2026-09-12T04:00:00.000Z,Air Force,North Dakota State,,,,,,,
2026,regular,2,401864503,2026-09-12T04:00:00.000Z,Northern Illinois,Illinois State,,,,,,,
2026,regular,2,401864504,2026-09-12T04:00:00.000Z,San José State,Cal Poly,,,,,,,
2026,regular,2,401864505,2026-09-12T04:00:00.000Z,UTEP,Texas Southern,,,,,,,
2026,regular,2,401864506,2026-09-12T04:00:00.000Z,Wyoming,Northern Colorado,,,,,,,
2026,regular,2,401864571,2026-09-12T04:00:00.000Z,East Carolina,App State,,,,,,,
2026,regular,2,401864575,2026-09-12T04:00:00.000Z,Tulane,South Alabama,,,,,,,
2026,regular,2,401864578,2026-09-12T04:00:00.000Z,Hawai'i,New Mexico State,,,,,,,
2026,regular,2,401865252,2026-09-12T04:00:00.000Z,New Mexico,Mercyhurst,,,,,,,
2026,regular,2,401866412,2026-09-12T04:00:00.000Z,Akron,Robert Morris,,,,,,,
2026,regular,2,401866413,2026-09-12T04:00:00.000Z,Ball State,Stony Brook,,,,,,,
2026,regular,2,401866414,2026-09-12T04:00:00.000Z,Florida International,Buffalo,,,,,,,
2026,regular,2,401866415,2026-09-12T04:00:00.000Z,Central Michigan,Colgate,,,,,,,
2026,regular,2,401866416,2026-09-12T04:00:00.000Z,Kent State,Wofford,,,,,,,
2026,regular,2,401866417,2026-09-12T04:00:00.000Z,Miami (OH),Holy Cross,,,,,,,
2026,regular,2,401866418,2026-09-12T04:00:00.000Z,Ohio,Jacksonville State,,,,,,,
2026,regular,2,401866419,2026-09-12T04:00:00.000Z,Toledo,Central Connecticut,,,,,,,
2026,regular,2,401866420,2026-09-12T04:00:00.000Z,Massachusetts,Sacred Heart,,,,,,,
2026,regular,2,401866421,2026-09-12T04:00:00.000Z,Western Michigan,Monmouth,,,,,,,
2026,regular,2,401867796,2026-09-12T04:00:00.000Z,LSU,Louisiana Tech,,,,,,,
2026,regular,2,401867929,2026-09-12T04:00:00.000Z,James Madison,Wagner,,,,,,,
2026,regular,2,401868008,2026-09-12T04:00:00.000Z,Coastal Carolina,Fordham,,,,,,,
2026,regular,2,401868187,2026-09-12T04:00:00.000Z,Liberty,Gardner-Webb,,,,,,,
2026,regular,2,401868241,2026-09-12T04:00:00.000Z,Arkansas State,West Georgia,,,,,,,
2026,regular,2,401868326,2026-09-12T04:00:00.000Z,Troy,Alabama State,,,,,,,
2026,regular,3,401856685,2026-09-19T04:00:00.000Z,Alabama,Florida State,,,,,,,
2026,regular,3,401856686,2026-09-19T04:00:00.000Z,Arkansas,Georgia,,,,,,,
2026,regular,3,401856687,2026-09-19T04:00:00.000Z,Auburn,Florida,,,,,,,
2026,regular,3,401856688,2026-09-19T04:00:00.000Z,Ole Miss,LSU,,,,,,,
2026,regular,3,401856689,2026-09-19T04:00:00.000Z,Missouri,Troy,,,,,,,
2026,regular,3,401856690,2026-09-19T04:00:00.000Z,Oklahoma,New Mexico,,,,,,,
2026,regular,3,401856691,2026-09-19T04:00:00.000Z,South Carolina,Mississippi State,,,,,,,
2026,regular,3,401856692,2026-09-19T04:00:00.000Z,Tennessee,Kennesaw State,,,,,,,
2026,regular,3,401856693,2026-09-19T04:00:00.000Z,Texas,UTSA,,,,,,,
2026,regular,3,401856694,2026-09-19T04:00:00.000Z,Texas A&M,Kentucky,,,,,,,
2026,regular,3,401856695,2026-09-19T04:00:00.000Z,Vanderbilt,NC State,,,,,,,
2026,regular,3,401856792,2026-09-19T04:00:00.000Z,Kansas State,Tulane,,,,,,,
2026,regular,3,401856793,2026-09-19T04:00:00.000Z,Arizona,Northern Illinois,,,,,,,
2026,regular,3,401856795,2026-09-19T04:00:00.000Z,Colorado State,BYU,,,,,,,
2026,regular,3,401856796,2026-09-19T04:00:00.000Z,Northwestern,Colorado,,,,,,,
2026,regular,3,401856797,2026-09-19T04:00:00.000Z,Cincinnati,Miami (OH),,,,,,,
2026,regular,3,401856798,2026-09-19T04:00:00.000Z,Iowa State,Bowling Green,,,,,,,
2026,regular,3,401856799,2026-09-19T04:00:00.000Z,TCU,Arkansas State,,,,,,,
2026,regular,3,401856800,2026-09-19T04:00:00.000Z,UCF,Georgia State,,,,,,,
2026,regular,3,401856801,2026-09-19T04:00:00.000Z,Utah,Utah State,,,,,,,
2026,regular,3,401856802,2026-09-19T04:00:00.000Z,West Virginia,Virginia,,,,,,,
2026,regular,3,401856803,2026-09-19T04:00:00.000Z,Oklahoma State,Murray State,,,,,,,
2026,regular,3,401856811,2026-09-19T04:00:00.000Z,Texas Tech,Houston,,,,,,,
2026,regular,3,401856812,2026-09-19T04:00:00.000Z,Arizona State,Kansas,,,,,,,
2026,regular,3,401858225,2026-09-17T04:00:00.000Z,Pittsburgh,Syracuse,,,,,,,
2026,regular,3,401858226,2026-09-18T04:00:00.000Z,Wake Forest,Miami,,,,,,,
2026,regular,3,401858227,2026-09-19T04:00:00.000Z,Boston College,Maine,,,,,,,
2026,regular,3,401858228,2026-09-19T04:00:00.000Z,Georgia Tech,Mercer,,,,,,,
2026,regular,3,401858229,2026-09-19T04:00:00.000Z,Clemson,North Carolina,,,,,,,
2026,regular,3,401858230,2026-09-19T04:00:00.000Z,Louisville,SMU,,,,,,,
2026,regular,3,401858231,2026-09-19T04:00:00.000Z,Duke,Stanford,,,,,,,
2026,regular,3,401858232,2026-09-19T04:00:00.000Z,Maryland,Virginia Tech,,,,,,,
2026,regular,3,401858233,2026-09-19T04:00:00.000Z,California,Wagner,,,,,,,
2026,regular,3,401858448,2026-09-19T04:00:00.000Z,Illinois,Southern Illinois,,,,,,,
2026,regular,3,401858449,2026-09-19T04:00:00.000Z,Indiana,Western Kentucky,,,,,,,
2026,regular,3,401858450,2026-09-19T04:00:00.000Z,Michigan,UTEP,,,,,,,
2026,regular,3,401858451,2026-09-19T04:00:00.000Z,Minnesota,Akron,,,,,,,
2026,regular,3,401858452,2026-09-19T04:00:00.000Z,Nebraska,North Dakota,,,,,,,
2026,regular,3,401858453,2026-09-19T04:00:00.000Z,Notre Dame,Michigan State,,,,,,,
2026,regular,3,401858454,2026-09-19T04:00:00.000Z,Ohio State,Kent State,,,,,,,
2026,regular,3,401858455,2026-09-19T04:00:00.000Z,Oregon,Portland State,,,,,,,
2026,regular,3,401858456,2026-09-19T04:00:00.000Z,Penn State,Buffalo,,,,,,,
2026,regular,3,401858457,2026-09-19T04:00:00.000Z,Rutgers,USC,,,,,,,
2026,regular,3,401858458,2026-09-19T04:00:00.000Z,UCLA,Purdue,,,,,,,
2026,regular,3,401858459,2026-09-19T04:00:00.000Z,Washington,Eastern Washington,,,,,,,
2026,regular,3,401858460,2026-09-19T04:00:00.000Z,Wisconsin,Eastern Michigan,,,,,,,
2026,regular,3,401858471,2026-09-19T04:00:00.000Z,Iowa,Northern Iowa,,,,,,,
2026,regular,3,401860885,2026-09-19T04:00:00.000Z,Boise State,South Dakota,,,,,,,
2026,regular,3,401860886,2026-09-19T04:00:00.000Z,Oregon State,Montana,,,,,,,
2026,regular,3,401860887,2026-09-19T04:00:00.000Z,San Diego State,James Madison,,,,,,,
2026,regular,3,401860888,2026-09-19T04:00:00.000Z,San José State,Fresno State,,,,,,,
2026,regular,3,401860889,2026-09-19T04:00:00.000Z,Texas State,North Texas,,,,,,,
2026,regular,3,401860890,2026-09-19T04:00:00.000Z,Washington State,Duquesne,,,,,,,
2026,regular,3,401861963,2026-09-19T04:00:00.000Z,Southern Miss,UConn,,,,,,,
2026,regular,3,401862710,2026-09-19T04:00:00.000Z,Old Dominion,East Carolina,,,,,,,
2026,regular,3,401862771,2026-09-19T04:00:00.000Z,Florida Atlantic,Florida International,,,,,,,
2026,regular,3,401862772,2026-09-19T04:00:00.000Z,Memphis,UT Martin,,,,,,,
2026,regular,3,401862773,2026-09-19T04:00:00.000Z,Rice,Western Michigan,,,,,,,
2026,regular,3,401862774,2026-09-19T04:00:00.000Z,Toledo,Temple,,,,,,,
2026,regular,3,401862775,2026-09-19T04:00:00.000Z,Tulsa,East Texas A&M,,,,,,,
2026,regular,3,401862776,2026-09-19T04:00:00.000Z,Louisiana,UAB,,,,,,,
2026,regular,3,401862777,2026-09-19T04:00:00.000Z,South Florida,Delaware State,,,,,,,
2026,regular,3,401864443,2026-09-19T04:00:00.000Z,Middle Tennessee,Nevada,,,,,,,
2026,regular,3,401864507,2026-09-19T04:00:00.000Z,Sacramento State,North Dakota State,,,,,,,
2026,regular,3,401864508,2026-09-19T04:00:00.000Z,Central Michigan,Wyoming,,,,,,,
2026,regular,3,401864574,2026-09-19T04:00:00.000Z,App State,Charlotte,,,,,,,
2026,regular,3,401866422,2026-09-19T04:00:00.000Z,Liberty,Ball State,,,,,,,
2026,regular,3,401866423,2026-09-19T04:00:00.000Z,South Alabama,Ohio,,,,,,,
2026,regular,3,401866424,2026-09-19T04:00:00.000Z,Massachusetts,Stonehill,,,,,,,
2026,regular,3,401867804,2026-09-19T04:00:00.000Z,Baylor,Louisiana Tech,,,,,,,
2026,regular,3,401868317,2026-09-19T04:00:00.000Z,UL Monroe,SE Louisiana,,,,,,,
2026,regular,4,401856696,2026-09-26T04:00:00.000Z,Alabama,South Carolina,,,,,,,
2026,regular,4,401856697,2026-09-26T04:00:00.000Z,Arkansas,Tulsa,,,,,,,
2026,regular,4,401856698,2026-09-26T04:00:00.000Z,Auburn,Vanderbilt,,,,,,,
2026,regular,4,401856699,2026-09-26T04:00:00.000Z,Florida,Ole Miss,,,,,,,
2026,regular,4,401856700,2026-09-26T04:00:00.000Z,Georgia,Oklahoma,,,,,,,
2026,regular,4,401856702,2026-09-26T04:00:00.000Z,LSU,Texas A&M,,,,,,,
2026,regular,4,401856703,2026-09-26T04:00:00.000Z,Mississippi State,Missouri,,,,,,,
2026,regular,4,401856704,2026-09-26T04:00:00.000Z,Tennessee,Texas,,,,,,,
2026,regular,4,401856804,2026-09-26T04:00:00.000Z,Washington State,Arizona,,,,,,,
2026,regular,4,401856805,2026-09-26T04:00:00.000Z,Texas Tech,Sam Houston,,,,,,,
2026,regular,4,401856806,2026-09-26T04:00:00.000Z,Georgia Southern,Houston,,,,,,,
2026,regular,4,401856813,2026-09-26T04:00:00.000Z,Baylor,Colorado,,,,,,,
2026,regular,4,401856814,2026-09-26T04:00:00.000Z,Cincinnati,Kansas State,,,,,,,
2026,regular,4,401856815,2026-09-26T04:00:00.000Z,UCF,TCU,,,,,,,
2026,regular,4,401856816,2026-09-26T04:00:00.000Z,Iowa State,Utah,,,,,,,
2026,regular,4,401856881,2026-09-26T04:00:00.000Z,West Virginia,Oklahoma State,,,,,,,
2026,regular,4,401858234,2026-09-25T04:00:00.000Z,California,Clemson,,,,,,,
2026,regular,4,401858236,2026-09-26T04:00:00.000Z,Pittsburgh,Bucknell,,,,,,,
2026,regular,4,401858237,2026-09-26T04:00:00.000Z,Florida State,Central Arkansas,,,,,,,
2026,regular,4,401858238,2026-09-26T04:00:00.000Z,Miami,Central Michigan,,,,,,,
2026,regular,4,401858239,2026-09-26T04:00:00.000Z,Virginia,Delaware,,,,,,,
2026,regular,4,401858240,2026-09-26T04:00:00.000Z,Stanford,Georgia Tech,,,,,,,
2026,regular,4,401858241,2026-09-26T04:00:00.000Z,SMU,Missouri State,,,,,,,
2026,regular,4,401858242,2026-09-26T04:00:00.000Z,Boston College,Virginia Tech,,,,,,,
2026,regular,4,401858243,2026-09-26T04:00:00.000Z,Louisville,Wake Forest,,,,,,,
2026,regular,4,401858244,2026-09-26T04:00:00.000Z,Duke,William & Mary,,,,,,,
2026,regular,4,401858461,2026-09-26T04:00:00.000Z,Indiana,Northwestern,,,,,,,
2026,regular,4,401858462,2026-09-26T04:00:00.000Z,Maryland,UCLA,,,,,,,
2026,regular,4,401858463,2026-09-26T04:00:00.000Z,Michigan,Iowa,,,,,,,
2026,regular,4,401858464,2026-09-26T04:00:00.000Z,Michigan State,Nebraska,,,,,,,
2026,regular,4,401858465,2026-09-26T04:00:00.000Z,Ohio State,Illinois,,,,,,,
2026,regular,4,401858466,2026-09-26T04:00:00.000Z,Penn State,Wisconsin,,,,,,,
2026,regular,4,401858467,2026-09-26T04:00:00.000Z,Purdue,Notre Dame,,,,,,,
2026,regular,4,401858468,2026-09-26T04:00:00.000Z,Rutgers,Howard,,,,,,,
2026,regular,4,401858469,2026-09-26T04:00:00.000Z,USC,Oregon,,,,,,,
2026,regular,4,401858470,2026-09-26T04:00:00.000Z,Washington,Minnesota,,,,,,,
2026,regular,4,401860891,2026-09-26T04:00:00.000Z,Fresno State,Rice,,,,,,,
2026,regular,4,401860892,2026-09-26T04:00:00.000Z,Texas State,Incarnate Word,,,,,,,
2026,regular,4,401860893,2026-09-26T04:00:00.000Z,Toledo,San Diego State,,,,,,,
2026,regular,4,401860894,2026-09-26T04:00:00.000Z,Utah State,Troy,,,,,,,
2026,regular,4,401860895,2026-09-26T04:00:00.000Z,UTEP,Oregon State,,,,,,,
2026,regular,4,401860896,2026-09-26T04:00:00.000Z,UTSA,Colorado State,,,,,,,
2026,regular,4,401860897,2026-09-26T04:00:00.000Z,Western Michigan,Boise State,,,,,,,
2026,regular,4,401861970,2026-09-26T04:00:00.000Z,Miami (OH),UConn,,,,,,,
2026,regular,4,401862778,2026-09-25T04:00:00.000Z,UAB,Navy,,,,,,,
2026,regular,4,401862779,2026-09-26T04:00:00.000Z,Temple,Army,,,,,,,
2026,regular,4,401862780,2026-09-26T04:00:00.000Z,Charlotte,Louisiana,,,,,,,
2026,regular,4,401862781,2026-09-26T04:00:00.000Z,East Carolina,North Carolina Central,,,,,,,
2026,regular,4,401862782,2026-09-26T04:00:00.000Z,UL Monroe,Florida Atlantic,,,,,,,
2026,regular,4,401862783,2026-09-26T04:00:00.000Z,North Texas,Houston Christian,,,,,,,
2026,regular,4,401862784,2026-09-26T04:00:00.000Z,Tulane,Southern Miss,,,,,,,
2026,regular,4,401862785,2026-09-26T04:00:00.000Z,Bowling Green,South Florida,,,,,,,
2026,regular,4,401864509,2026-09-26T04:00:00.000Z,Nevada,Air Force,,,,,,,
2026,regular,4,401864510,2026-09-26T04:00:00.000Z,Wyoming,Hawai'i,,,,,,,
2026,regular,4,401864511,2026-09-26T04:00:00.000Z,Georgia State,Northern Illinois,,,,,,,
2026,regular,4,401864512,2026-09-26T04:00:00.000Z,Akron,UNLV,,,,,,,
2026,regular,4,401864572,2026-09-26T04:00:00.000Z,NC State,App State,,,,,,,
2026,regular,4,401864576,2026-09-26T04:00:00.000Z,Kentucky,South Alabama,,,,,,,
2026,regular,4,401864579,2026-09-26T04:00:00.000Z,New Mexico State,New Mexico,,,,,,,
2026,regular,4,401866425,2026-09-26T04:00:00.000Z,Kent State,Ball State,,,,,,,
2026,regular,4,401866426,2026-09-26T04:00:00.000Z,Buffalo,Robert Morris,,,,,,,
2026,regular,4,401866427,2026-09-26T04:00:00.000Z,Eastern Michigan,Lindenwood,,,,,,,
2026,regular,4,401866428,2026-09-26T04:00:00.000Z,Ohio,Stonehill,,,,,,,
2026,regular,4,401866429,2026-09-26T04:00:00.000Z,Sacramento State,Massachusetts,,,,,,,
2026,regular,4,401867909,2026-09-26T04:00:00.000Z,Florida International,Long Island University,,,,,,,
2026,regular,4,401868188,2026-09-26T04:00:00.000Z,Marshall,Gardner-Webb,,,,,,,
2026,regular,5,401856705,2026-10-03T04:00:00.000Z,Georgia,Vanderbilt,,,,,,,
2026,regular,5,401856706,2026-10-03T04:00:00.000Z,LSU,McNeese,,,,,,,
2026,regular,5,401856707,2026-10-03T04:00:00.000Z,Mississippi State,Alabama,,,,,,,
2026,regular,5,401856708,2026-10-03T04:00:00.000Z,Missouri,Florida,,,,,,,
2026,regular,5,401856709,2026-10-03T04:00:00.000Z,South Carolina,Kentucky,,,,,,,
2026,regular,5,401856710,2026-10-03T04:00:00.000Z,Tennessee,Auburn,,,,,,,
2026,regular,5,401856711,2026-10-03T04:00:00.000Z,Texas A&M,Arkansas,,,,,,,
2026,regular,5,401856807,2026-10-03T04:00:00.000Z,Kansas,Middle Tennessee,,,,,,,
2026,regular,5,401856817,2026-10-03T04:00:00.000Z,Arizona State,Baylor,,,,,,,
2026,regular,5,401856818,2026-10-03T04:00:00.000Z,TCU,BYU,,,,,,,
2026,regular,5,401856819,2026-10-03T04:00:00.000Z,Houston,UCF,,,,,,,
2026,regular,5,401856820,2026-10-03T04:00:00.000Z,Arizona,Cincinnati,,,,,,,
2026,regular,5,401856821,2026-10-03T04:00:00.000Z,Colorado,Texas Tech,,,,,,,
2026,regular,5,401856822,2026-10-03T04:00:00.000Z,Iowa State,West Virginia,,,,,,,
2026,regular,5,401858245,2026-10-02T04:00:00.000Z,Virginia Tech,Pittsburgh,,,,,,,
2026,regular,5,401858246,2026-10-03T04:00:00.000Z,SMU,Boston College,,,,,,,
2026,regular,5,401858247,2026-10-03T04:00:00.000Z,UNLV,California,,,,,,,
2026,regular,5,401858248,2026-10-03T04:00:00.000Z,NC State,Louisville,,,,,,,
2026,regular,5,401858249,2026-10-03T04:00:00.000Z,Clemson,Miami,,,,,,,
2026,regular,5,401858250,2026-10-03T04:00:00.000Z,North Carolina,Notre Dame,,,,,,,
2026,regular,5,401858251,2026-10-03T04:00:00.000Z,Wake Forest,Stanford,,,,,,,
2026,regular,5,401858252,2026-10-03T04:00:00.000Z,UConn,Syracuse,,,,,,,
2026,regular,5,401858253,2026-10-03T04:00:00.000Z,Florida State,Virginia,,,,,,,
2026,regular,5,401858472,2026-10-03T04:00:00.000Z,Illinois,Purdue,,,,,,,
2026,regular,5,401858473,2026-10-03T04:00:00.000Z,Iowa,Ohio State,,,,,,,
2026,regular,5,401858474,2026-10-03T04:00:00.000Z,Minnesota,Michigan,,,,,,,
2026,regular,5,401858475,2026-10-03T04:00:00.000Z,Nebraska,Maryland,,,,,,,
2026,regular,5,401858476,2026-10-02T04:00:00.000Z,Northwestern,Penn State,,,,,,,
2026,regular,5,401858477,2026-10-03T04:00:00.000Z,Rutgers,Indiana,,,,,,,
2026,regular,5,401858478,2026-10-03T04:00:00.000Z,USC,Washington,,,,,,,
2026,regular,5,401858479,2026-10-03T04:00:00.000Z,Wisconsin,Michigan State,,,,,,,
2026,regular,5,401860898,2026-10-03T04:00:00.000Z,Boise State,Utah State,,,,,,,
2026,regular,5,401860899,2026-10-03T04:00:00.000Z,Colorado State,Oregon State,,,,,,,
2026,regular,5,401860900,2026-10-03T04:00:00.000Z,San Diego State,Texas State,,,,,,,
2026,regular,5,401860921,2026-10-03T04:00:00.000Z,Washington State,Fresno State,,,,,,,
2026,regular,5,401862786,2026-10-01T04:00:00.000Z,Tulsa,North Texas,,,,,,,
2026,regular,5,401862787,2026-10-03T04:00:00.000Z,Charlotte,Memphis,,,,,,,
2026,regular,5,401862788,2026-10-03T04:00:00.000Z,Rice,UTSA,,,,,,,
2026,regular,5,401862790,2026-10-03T04:00:00.000Z,Florida Atlantic,Texas Southern,,,,,,,
2026,regular,5,401862791,2026-10-03T04:00:00.000Z,Air Force,Navy,,,,,,,
2026,regular,5,401862792,2026-10-03T04:00:00.000Z,South Florida,Temple,,,,,,,
2026,regular,5,401862793,2026-10-03T04:00:00.000Z,UAB,Samford,,,,,,,
2026,regular,5,401864513,2026-10-03T04:00:00.000Z,Hawai'i,San José State,,,,,,,
2026,regular,5,401864514,2026-10-03T04:00:00.000Z,New Mexico,UTEP,,,,,,,
2026,regular,5,401864515,2026-10-03T04:00:00.000Z,North Dakota State,Wyoming,,,,,,,
2026,regular,5,401866430,2026-10-03T04:00:00.000Z,Central Michigan,Akron,,,,,,,
2026,regular,5,401866431,2026-10-03T04:00:00.000Z,Ball State,Toledo,,,,,,,
2026,regular,5,401866432,2026-10-03T04:00:00.000Z,Buffalo,Western Michigan,,,,,,,
2026,regular,5,401866433,2026-10-03T04:00:00.000Z,Massachusetts,Eastern Michigan,,,,,,,
2026,regular,5,401866434,2026-10-03T04:00:00.000Z,Kent State,Ohio,,,,,,,
2026,regular,5,401866477,2026-10-03T04:00:00.000Z,Miami (OH),Bowling Green,,,,,,,
2026,regular,6,401856712,2026-10-10T04:00:00.000Z,Alabama,Georgia,,,,,,,
2026,regular,6,401856713,2026-10-10T04:00:00.000Z,Arkansas,Tennessee,,,,,,,
2026,regular,6,401856714,2026-10-10T04:00:00.000Z,Florida,South Carolina,,,,,,,
2026,regular,6,401856715,2026-10-10T04:00:00.000Z,Kentucky,LSU,,,,,,,
2026,regular,6,401856716,2026-10-10T04:00:00.000Z,Missouri,Texas A&M,,,,,,,
2026,regular,6,401856717,2026-10-10T04:00:00.000Z,Oklahoma,Texas,,,,,,,
2026,regular,6,401856718,2026-10-10T04:00:00.000Z,Vanderbilt,Ole Miss,,,,,,,
2026,regular,6,401856808,2026-10-10T04:00:00.000Z,Arizona State,Hawai'i,,,,,,,
2026,regular,6,401856823,2026-10-10T04:00:00.000Z,West Virginia,Arizona,,,,,,,
2026,regular,6,401856824,2026-10-10T04:00:00.000Z,Oklahoma State,UCF,,,,,,,
2026,regular,6,401856825,2026-10-10T04:00:00.000Z,Kansas State,Houston,,,,,,,
2026,regular,6,401856826,2026-10-10T04:00:00.000Z,BYU,Iowa State,,,,,,,
2026,regular,6,401856827,2026-10-10T04:00:00.000Z,Utah,Kansas,,,,,,,
2026,regular,6,401858254,2026-10-09T04:00:00.000Z,Louisville,Florida State,,,,,,,
2026,regular,6,401858255,2026-10-10T04:00:00.000Z,Georgia Tech,Duke,,,,,,,
2026,regular,6,401858256,2026-10-10T04:00:00.000Z,Pittsburgh,North Carolina,,,,,,,
2026,regular,6,401858257,2026-10-10T04:00:00.000Z,Notre Dame,Stanford,,,,,,,
2026,regular,6,401858258,2026-10-10T04:00:00.000Z,Virginia,Syracuse,,,,,,,
2026,regular,6,401858259,2026-10-10T04:00:00.000Z,California,Virginia Tech,,,,,,,
2026,regular,6,401858260,2026-10-10T04:00:00.000Z,NC State,Wake Forest,,,,,,,
2026,regular,6,401858480,2026-10-10T04:00:00.000Z,Michigan State,Illinois,,,,,,,
2026,regular,6,401858481,2026-10-10T04:00:00.000Z,Nebraska,Indiana,,,,,,,
2026,regular,6,401858482,2026-10-10T04:00:00.000Z,Northwestern,Ball State,,,,,,,
2026,regular,6,401858483,2026-10-10T04:00:00.000Z,Ohio State,Maryland,,,,,,,
2026,regular,6,401858484,2026-10-10T04:00:00.000Z,Oregon,UCLA,,,,,,,
2026,regular,6,401858485,2026-10-10T04:00:00.000Z,Penn State,USC,,,,,,,
2026,regular,6,401858486,2026-10-10T04:00:00.000Z,Purdue,Minnesota,,,,,,,
2026,regular,6,401858487,2026-10-10T04:00:00.000Z,Washington,Iowa,,,,,,,
2026,regular,6,401860901,2026-10-10T04:00:00.000Z,Fresno State,Boise State,,,,,,,
2026,regular,6,401860902,2026-10-10T04:00:00.000Z,Oregon State,San Diego State,,,,,,,
2026,regular,6,401860922,2026-10-09T04:00:00.000Z,Utah State,Washington State,,,,,,,
2026,regular,6,401861964,2026-10-10T04:00:00.000Z,Temple,UConn,,,,,,,
2026,regular,6,401862794,2026-10-08T04:00:00.000Z,UTSA,South Florida,,,,,,,
2026,regular,6,401862795,2026-10-10T04:00:00.000Z,Army,Tulane,,,,,,,
2026,regular,6,401862796,2026-10-10T04:00:00.000Z,North Texas,Charlotte,,,,,,,
2026,regular,6,401862797,2026-10-10T04:00:00.000Z,East Carolina,Rice,,,,,,,
2026,regular,6,401862798,2026-10-10T04:00:00.000Z,Memphis,UAB,,,,,,,
2026,regular,6,401862799,2026-10-10T04:00:00.000Z,Navy,Tulsa,,,,,,,
2026,regular,6,401864516,2026-10-10T04:00:00.000Z,Northern Illinois,Air Force,,,,,,,
2026,regular,6,401864517,2026-10-10T04:00:00.000Z,UTEP,Nevada,,,,,,,
2026,regular,6,401864518,2026-10-10T04:00:00.000Z,UNLV,North Dakota State,,,,,,,
2026,regular,6,401864519,2026-10-10T04:00:00.000Z,San José State,Wyoming,,,,,,,
2026,regular,6,401866435,2026-10-10T04:00:00.000Z,Akron,Eastern Michigan,,,,,,,
2026,regular,6,401866436,2026-10-10T04:00:00.000Z,Bowling Green,Sacramento State,,,,,,,
2026,regular,6,401866437,2026-10-10T04:00:00.000Z,Toledo,Buffalo,,,,,,,
2026,regular,6,401866438,2026-10-10T04:00:00.000Z,Ohio,Central Michigan,,,,,,,
2026,regular,6,401866439,2026-10-10T04:00:00.000Z,Western Michigan,Kent State,,,,,,,
2026,regular,6,401866440,2026-10-10T04:00:00.000Z,Massachusetts,Miami (OH),,,,,,,
2026,regular,7,401856719,2026-10-17T04:00:00.000Z,Georgia,Auburn,,,,,,,
2026,regular,7,401856720,2026-10-17T04:00:00.000Z,LSU,Mississippi State,,,,,,,
2026,regular,7,401856721,2026-10-17T04:00:00.000Z,Ole Miss,Missouri,,,,,,,
2026,regular,7,401856722,2026-10-17T04:00:00.000Z,Oklahoma,Kentucky,,,,,,,
2026,regular,7,401856723,2026-10-17T04:00:00.000Z,Tennessee,Alabama,,,,,,,
2026,regular,7,401856724,2026-10-17T04:00:00.000Z,Texas,Florida,,,,,,,
2026,regular,7,401856725,2026-10-17T04:00:00.000Z,Texas A&M,The Citadel,,,,,,,
2026,regular,7,401856726,2026-10-17T04:00:00.000Z,Vanderbilt,Arkansas,,,,,,,
2026,regular,7,401856809,2026-10-17T04:00:00.000Z,BYU,Notre Dame,,,,,,,
2026,regular,7,401856828,2026-10-17T04:00:00.000Z,Texas Tech,Arizona State,,,,,,,
2026,regular,7,401856829,2026-10-17T04:00:00.000Z,West Virginia,Cincinnati,,,,,,,
2026,regular,7,401856830,2026-10-17T04:00:00.000Z,Kansas State,Kansas,,,,,,,
2026,regular,7,401856831,2026-10-17T04:00:00.000Z,Houston,Oklahoma State,,,,,,,
2026,regular,7,401856832,2026-10-17T04:00:00.000Z,Baylor,TCU,,,,,,,
2026,regular,7,401856833,2026-10-17T04:00:00.000Z,Colorado,Utah,,,,,,,
2026,regular,7,401858261,2026-10-17T04:00:00.000Z,Clemson,Charleston Southern,,,,,,,
2026,regular,7,401858262,2026-10-17T04:00:00.000Z,Stanford,Elon,,,,,,,
2026,regular,7,401858263,2026-10-17T04:00:00.000Z,Miami,Florida State,,,,,,,
2026,regular,7,401858264,2026-10-17T04:00:00.000Z,Virginia Tech,Georgia Tech,,,,,,,
2026,regular,7,401858265,2026-10-17T04:00:00.000Z,Syracuse,Louisville,,,,,,,
2026,regular,7,401858266,2026-10-17T04:00:00.000Z,Duke,North Carolina,,,,,,,
2026,regular,7,401858267,2026-10-17T04:00:00.000Z,Boston College,Pittsburgh,,,,,,,
2026,regular,7,401858268,2026-10-17T04:00:00.000Z,SMU,Virginia,,,,,,,
2026,regular,7,401858269,2026-10-17T04:00:00.000Z,California,Wake Forest,,,,,,,
2026,regular,7,401858488,2026-10-17T04:00:00.000Z,Indiana,Ohio State,,,,,,,
2026,regular,7,401858489,2026-10-17T04:00:00.000Z,Maryland,Rutgers,,,,,,,
2026,regular,7,401858490,2026-10-17T04:00:00.000Z,Michigan,Penn State,,,,,,,
2026,regular,7,401858491,2026-10-17T04:00:00.000Z,Michigan State,Northwestern,,,,,,,
2026,regular,7,401858492,2026-10-17T04:00:00.000Z,Oregon,Nebraska,,,,,,,
2026,regular,7,401858493,2026-10-17T04:00:00.000Z,Purdue,Washington,,,,,,,
2026,regular,7,401858494,2026-10-17T04:00:00.000Z,UCLA,Wisconsin,,,,,,,
2026,regular,7,401860903,2026-10-17T04:00:00.000Z,Oregon State,Washington State,,,,,,,
2026,regular,7,401860904,2026-10-17T04:00:00.000Z,San Diego State,Fresno State,,,,,,,
2026,regular,7,401860923,2026-10-17T04:00:00.000Z,Texas State,Colorado State,,,,,,,
2026,regular,7,401862800,2026-10-15T04:00:00.000Z,UAB,East Carolina,,,,,,,
2026,regular,7,401862801,2026-10-16T04:00:00.000Z,Tulane,Memphis,,,,,,,
2026,regular,7,401862802,2026-10-17T04:00:00.000Z,Army,Florida Atlantic,,,,,,,
2026,regular,7,401862803,2026-10-17T04:00:00.000Z,Temple,Charlotte,,,,,,,
2026,regular,7,401862804,2026-10-17T04:00:00.000Z,UTSA,Navy,,,,,,,
2026,regular,7,401862805,2026-10-17T04:00:00.000Z,Rice,Tulsa,,,,,,,
2026,regular,7,401862806,2026-10-17T04:00:00.000Z,South Florida,Kent State,,,,,,,
2026,regular,7,401864520,2026-10-17T04:00:00.000Z,North Dakota State,Nevada,,,,,,,
2026,regular,7,401864521,2026-10-17T04:00:00.000Z,Hawai'i,New Mexico,,,,,,,
2026,regular,7,401864522,2026-10-17T04:00:00.000Z,Wyoming,Northern Illinois,,,,,,,
2026,regular,7,401864523,2026-10-17T04:00:00.000Z,UTEP,San José State,,,,,,,
2026,regular,7,401864524,2026-10-17T04:00:00.000Z,Air Force,UNLV,,,,,,,
2026,regular,7,401866441,2026-10-17T04:00:00.000Z,Bowling Green,Ball State,,,,,,,
2026,regular,7,401866442,2026-10-17T04:00:00.000Z,Buffalo,Massachusetts,,,,,,,
2026,regular,7,401866443,2026-10-17T04:00:00.000Z,Central Michigan,Western Michigan,,,,,,,
2026,regular,7,401866444,2026-10-17T04:00:00.000Z,Eastern Michigan,Toledo,,,,,,,
2026,regular,7,401866445,2026-10-17T04:00:00.000Z,Sacramento State,Ohio,,,,,,,
2026,regular,7,401866478,2026-10-17T04:00:00.000Z,Miami (OH),Akron,,,,,,,
2026,regular,8,401856727,2026-10-24T04:00:00.000Z,Alabama,Texas A&M,,,,,,,
2026,regular,8,401856728,2026-10-24T04:00:00.000Z,Auburn,LSU,,,,,,,
2026,regular,8,401856729,2026-10-24T04:00:00.000Z,Kentucky,Vanderbilt,,,,,,,
2026,regular,8,401856730,2026-10-24T04:00:00.000Z,Mississippi State,Oklahoma,,,,,,,
2026,regular,8,401856731,2026-10-24T04:00:00.000Z,South Carolina,Tennessee,,,,,,,
2026,regular,8,401856732,2026-10-24T04:00:00.000Z,Texas,Ole Miss,,,,,,,
2026,regular,8,401856834,2026-10-24T04:00:00.000Z,Kansas,Baylor,,,,,,,
2026,regular,8,401856835,2026-10-24T04:00:00.000Z,UCF,BYU,,,,,,,
2026,regular,8,401856836,2026-10-24T04:00:00.000Z,Oklahoma State,Colorado,,,,,,,
2026,regular,8,401856837,2026-10-24T04:00:00.000Z,Utah,Houston,,,,,,,
2026,regular,8,401856838,2026-10-24T04:00:00.000Z,Arizona,Iowa State,,,,,,,
2026,regular,8,401856839,2026-10-24T04:00:00.000Z,Arizona State,Kansas State,,,,,,,
2026,regular,8,401856840,2026-10-24T04:00:00.000Z,Cincinnati,Texas Tech,,,,,,,
2026,regular,8,401856841,2026-10-24T04:00:00.000Z,TCU,West Virginia,,,,,,,
2026,regular,8,401858270,2026-10-23T04:00:00.000Z,SMU,California,,,,,,,
2026,regular,8,401858271,2026-10-23T04:00:00.000Z,Virginia,Duke,,,,,,,
2026,regular,8,401858272,2026-10-23T04:00:00.000Z,Stanford,NC State,,,,,,,
2026,regular,8,401858273,2026-10-24T04:00:00.000Z,Georgia Tech,Boston College,,,,,,,
2026,regular,8,401858274,2026-10-24T04:00:00.000Z,Miami,Pittsburgh,,,,,,,
2026,regular,8,401858275,2026-10-24T04:00:00.000Z,North Carolina,Syracuse,,,,,,,
2026,regular,8,401858276,2026-10-24T04:00:00.000Z,Clemson,Virginia Tech,,,,,,,
2026,regular,8,401858495,2026-10-24T04:00:00.000Z,Illinois,Oregon,,,,,,,
2026,regular,8,401858496,2026-10-24T04:00:00.000Z,Michigan,Indiana,,,,,,,
2026,regular,8,401858497,2026-10-24T04:00:00.000Z,Minnesota,Iowa,,,,,,,
2026,regular,8,401858498,2026-10-24T04:00:00.000Z,Northwestern,Rutgers,,,,,,,
2026,regular,8,401858499,2026-10-24T04:00:00.000Z,UCLA,Michigan State,,,,,,,
2026,regular,8,401858500,2026-10-24T04:00:00.000Z,Wisconsin,USC,,,,,,,
2026,regular,8,401860905,2026-10-24T04:00:00.000Z,Colorado State,San Diego State,,,,,,,
2026,regular,8,401860906,2026-10-24T04:00:00.000Z,Texas State,Utah State,,,,,,,
2026,regular,8,401860907,2026-10-24T04:00:00.000Z,Washington State,Boise State,,,,,,,
2026,regular,8,401861965,2026-10-24T04:00:00.000Z,UConn,Massachusetts,,,,,,,
2026,regular,8,401862807,2026-10-22T04:00:00.000Z,Memphis,East Carolina,,,,,,,
2026,regular,8,401862808,2026-10-23T04:00:00.000Z,Tulsa,Army,,,,,,,
2026,regular,8,401862809,2026-10-24T04:00:00.000Z,Florida Atlantic,Rice,,,,,,,
2026,regular,8,401862810,2026-10-24T04:00:00.000Z,Navy,North Texas,,,,,,,
2026,regular,8,401862811,2026-10-24T04:00:00.000Z,Tulane,UTSA,,,,,,,
2026,regular,8,401864525,2026-10-24T04:00:00.000Z,Wyoming,Air Force,,,,,,,
2026,regular,8,401864526,2026-10-24T04:00:00.000Z,Northern Illinois,Hawai'i,,,,,,,
2026,regular,8,401864527,2026-10-24T04:00:00.000Z,New Mexico,North Dakota State,,,,,,,
2026,regular,8,401864528,2026-10-24T04:00:00.000Z,Nevada,San José State,,,,,,,
2026,regular,8,401866446,2026-10-24T04:00:00.000Z,Kent State,Akron,,,,,,,
2026,regular,8,401866447,2026-10-24T04:00:00.000Z,Ball State,Sacramento State,,,,,,,
2026,regular,8,401866448,2026-10-24T04:00:00.000Z,Buffalo,Bowling Green,,,,,,,
2026,regular,8,401866449,2026-10-24T04:00:00.000Z,Ohio,Eastern Michigan,,,,,,,
2026,regular,8,401866450,2026-10-24T04:00:00.000Z,Toledo,Western Michigan,,,,,,,
2026,regular,8,401866476,2026-10-24T04:00:00.000Z,Central Michigan,Miami (OH),,,,,,,
2026,regular,9,401856733,2026-10-31T04:00:00.000Z,Arkansas,Missouri,,,,,,,
2026,regular,9,401856734,2026-10-31T04:00:00.000Z,Georgia,Florida,,,,,,,
2026,regular,9,401856735,2026-10-31T04:00:00.000Z,Ole Miss,Auburn,,,,,,,
2026,regular,9,401856736,2026-10-31T04:00:00.000Z,Oklahoma,South Carolina,,,,,,,
2026,regular,9,401856737,2026-10-31T04:00:00.000Z,Texas,Mississippi State,,,,,,,
2026,regular,9,401856842,2026-10-31T04:00:00.000Z,Texas Tech,Arizona,,,,,,,
2026,regular,9,401856843,2026-10-31T04:00:00.000Z,BYU,Arizona State,,,,,,,
2026,regular,9,401856844,2026-10-31T04:00:00.000Z,UCF,Baylor,,,,,,,
2026,regular,9,401856845,2026-10-31T04:00:00.000Z,TCU,Kansas,,,,,,,
2026,regular,9,401856846,2026-10-31T04:00:00.000Z,Colorado,Kansas State,,,,,,,
2026,regular,9,401856847,2026-10-31T04:00:00.000Z,Iowa State,Oklahoma State,,,,,,,
2026,regular,9,401856848,2026-10-31T04:00:00.000Z,Cincinnati,Utah,,,,,,,
2026,regular,9,401858277,2026-10-30T04:00:00.000Z,NC State,California,,,,,,,
2026,regular,9,401858278,2026-10-30T04:00:00.000Z,Syracuse,SMU,,,,,,,
2026,regular,9,401858279,2026-10-31T04:00:00.000Z,Duke,Boston College,,,,,,,
2026,regular,9,401858280,2026-10-31T04:00:00.000Z,Florida State,Clemson,,,,,,,
2026,regular,9,401858281,2026-10-31T04:00:00.000Z,Pittsburgh,Georgia Tech,,,,,,,
2026,regular,9,401858282,2026-10-31T04:00:00.000Z,North Carolina,Miami,,,,,,,
2026,regular,9,401858283,2026-10-31T04:00:00.000Z,Louisville,Stanford,,,,,,,
2026,regular,9,401858284,2026-10-31T04:00:00.000Z,Wake Forest,Virginia,,,,,,,
2026,regular,9,401858501,2026-10-31T04:00:00.000Z,Indiana,Minnesota,,,,,,,
2026,regular,9,401858502,2026-10-31T04:00:00.000Z,Iowa,Wisconsin,,,,,,,
2026,regular,9,401858503,2026-10-31T04:00:00.000Z,Maryland,Illinois,,,,,,,
2026,regular,9,401858504,2026-10-31T04:00:00.000Z,Nebraska,Washington,,,,,,,
2026,regular,9,401858505,2026-10-31T04:00:00.000Z,Oregon,Northwestern,,,,,,,
2026,regular,9,401858506,2026-10-31T04:00:00.000Z,Penn State,Purdue,,,,,,,
2026,regular,9,401858507,2026-10-31T04:00:00.000Z,Rutgers,Michigan,,,,,,,
2026,regular,9,401858508,2026-10-31T04:00:00.000Z,UCLA,Nevada,,,,,,,
2026,regular,9,401858509,2026-10-31T04:00:00.000Z,USC,Ohio State,,,,,,,
2026,regular,9,401859185,2026-10-31T04:00:00.000Z,Notre Dame,Navy,,,,,,,
2026,regular,9,401860908,2026-10-31T04:00:00.000Z,Boise State,Texas State,,,,,,,
2026,regular,9,401860909,2026-10-31T04:00:00.000Z,San Diego State,Washington State,,,,,,,
2026,regular,9,401860910,2026-10-31T04:00:00.000Z,Utah State,Colorado State,,,,,,,
2026,regular,9,401860924,2026-10-31T04:00:00.000Z,Fresno State,Oregon State,,,,,,,
2026,regular,9,401861966,2026-10-31T04:00:00.000Z,Air Force,UConn,,,,,,,
2026,regular,9,401862812,2026-10-29T04:00:00.000Z,North Texas,Florida Atlantic,,,,,,,
2026,regular,9,401862813,2026-10-30T04:00:00.000Z,Charlotte,Tulane,,,,,,,
2026,regular,9,401862814,2026-10-31T04:00:00.000Z,Memphis,Army,,,,,,,
2026,regular,9,401862815,2026-10-31T04:00:00.000Z,East Carolina,Temple,,,,,,,
2026,regular,9,401862816,2026-10-31T04:00:00.000Z,South Florida,UAB,,,,,,,
2026,regular,9,401864529,2026-10-31T04:00:00.000Z,San José State,New Mexico,,,,,,,
2026,regular,9,401864530,2026-10-31T04:00:00.000Z,UNLV,Northern Illinois,,,,,,,
2026,regular,9,401864531,2026-10-31T04:00:00.000Z,North Dakota State,UTEP,,,,,,,
2026,regular,9,401866451,2026-10-30T04:00:00.000Z,Sacramento State,Kent State,,,,,,,
2026,regular,9,401866452,2026-10-31T04:00:00.000Z,Western Michigan,Bowling Green,,,,,,,
2026,regular,10,401856738,2026-11-07T05:00:00.000Z,Auburn,Arkansas,,,,,,,
2026,regular,10,401856739,2026-11-07T05:00:00.000Z,Florida,Oklahoma,,,,,,,
2026,regular,10,401856740,2026-11-07T05:00:00.000Z,LSU,Alabama,,,,,,,
2026,regular,10,401856741,2026-11-07T05:00:00.000Z,Ole Miss,Georgia,,,,,,,
2026,regular,10,401856742,2026-11-07T05:00:00.000Z,Mississippi State,Vanderbilt,,,,,,,
2026,regular,10,401856743,2026-11-07T05:00:00.000Z,Missouri,Texas,,,,,,,
2026,regular,10,401856744,2026-11-07T05:00:00.000Z,South Carolina,Texas A&M,,,,,,,
2026,regular,10,401856745,2026-11-07T05:00:00.000Z,Tennessee,Kentucky,,,,,,,
2026,regular,10,401856849,2026-11-07T05:00:00.000Z,Utah,BYU,,,,,,,
2026,regular,10,401856850,2026-11-07T05:00:00.000Z,Kansas,UCF,,,,,,,
2026,regular,10,401856851,2026-11-07T05:00:00.000Z,Houston,Cincinnati,,,,,,,
2026,regular,10,401856852,2026-11-07T05:00:00.000Z,Arizona State,Colorado,,,,,,,
2026,regular,10,401856853,2026-11-07T05:00:00.000Z,Baylor,Iowa State,,,,,,,
2026,regular,10,401856854,2026-11-07T05:00:00.000Z,Kansas State,Oklahoma State,,,,,,,
2026,regular,10,401856855,2026-11-06T05:00:00.000Z,Arizona,TCU,,,,,,,
2026,regular,10,401856856,2026-11-07T05:00:00.000Z,Texas Tech,West Virginia,,,,,,,
2026,regular,10,401858285,2026-11-06T05:00:00.000Z,Syracuse,Clemson,,,,,,,
2026,regular,10,401858286,2026-11-06T05:00:00.000Z,NC State,Duke,,,,,,,
2026,regular,10,401858287,2026-11-06T05:00:00.000Z,Georgia Tech,Louisville,,,,,,,
2026,regular,10,401858288,2026-11-06T05:00:00.000Z,SMU,Virginia Tech,,,,,,,
2026,regular,10,401858289,2026-11-07T05:00:00.000Z,Boston College,Florida State,,,,,,,
2026,regular,10,401858290,2026-11-07T05:00:00.000Z,Wake Forest,Merrimack,,,,,,,
2026,regular,10,401858291,2026-11-07T05:00:00.000Z,Notre Dame,Miami,,,,,,,
2026,regular,10,401858292,2026-11-07T05:00:00.000Z,UConn,North Carolina,,,,,,,
2026,regular,10,401858510,2026-11-07T05:00:00.000Z,Illinois,Nebraska,,,,,,,
2026,regular,10,401858511,2026-11-07T05:00:00.000Z,Michigan,Michigan State,,,,,,,
2026,regular,10,401858512,2026-11-07T05:00:00.000Z,Minnesota,UCLA,,,,,,,
2026,regular,10,401858513,2026-11-07T05:00:00.000Z,Northwestern,Iowa,,,,,,,
2026,regular,10,401858514,2026-11-07T05:00:00.000Z,Ohio State,Oregon,,,,,,,
2026,regular,10,401858515,2026-11-07T05:00:00.000Z,Purdue,Maryland,,,,,,,
2026,regular,10,401858516,2026-11-07T05:00:00.000Z,Washington,Penn State,,,,,,,
2026,regular,10,401858517,2026-11-07T05:00:00.000Z,Wisconsin,Rutgers,,,,,,,
2026,regular,10,401860911,2026-11-07T05:00:00.000Z,Colorado State,Boise State,,,,,,,
2026,regular,10,401860912,2026-11-07T05:00:00.000Z,Oregon State,Texas State,,,,,,,
2026,regular,10,401860913,2026-11-07T05:00:00.000Z,Utah State,Fresno State,,,,,,,
2026,regular,10,401862817,2026-11-05T05:00:00.000Z,Florida Atlantic,UTSA,,,,,,,
2026,regular,10,401862818,2026-11-06T05:00:00.000Z,East Carolina,South Florida,,,,,,,
2026,regular,10,401862819,2026-11-07T05:00:00.000Z,UAB,Charlotte,,,,,,,
2026,regular,10,401862820,2026-11-07T05:00:00.000Z,Navy,Temple,,,,,,,
2026,regular,10,401862821,2026-11-07T05:00:00.000Z,North Texas,Rice,,,,,,,
2026,regular,10,401862822,2026-11-07T05:00:00.000Z,Tulane,Tulsa,,,,,,,
2026,regular,10,401862823,2026-11-07T05:00:00.000Z,Army,Air Force,,,,,,,
2026,regular,10,401864532,2026-11-07T05:00:00.000Z,UTEP,Hawai'i,,,,,,,
2026,regular,10,401864533,2026-11-07T05:00:00.000Z,Nevada,New Mexico,,,,,,,
2026,regular,10,401864534,2026-11-07T05:00:00.000Z,San José State,Northern Illinois,,,,,,,
2026,regular,10,401864535,2026-11-07T05:00:00.000Z,UNLV,Wyoming,,,,,,,
2026,regular,10,401866453,2026-11-03T05:00:00.000Z,Akron,Ohio,,,,,,,
2026,regular,10,401866454,2026-11-03T05:00:00.000Z,Miami (OH),Buffalo,,,,,,,
2026,regular,10,401866455,2026-11-04T05:00:00.000Z,Massachusetts,Ball State,,,,,,,
2026,regular,10,401866456,2026-11-04T05:00:00.000Z,Eastern Michigan,Central Michigan,,,,,,,
2026,regular,10,401866457,2026-11-04T05:00:00.000Z,Sacramento State,Toledo,,,,,,,
2026,regular,11,401856857,2026-11-14T05:00:00.000Z,UCF,Arizona State,,,,,,,
2026,regular,11,401856858,2026-11-14T05:00:00.000Z,BYU,Baylor,,,,,,,
2026,regular,11,401856859,2026-11-14T05:00:00.000Z,Iowa State,Cincinnati,,,,,,,
2026,regular,11,401856860,2026-11-14T05:00:00.000Z,Colorado,Houston,,,,,,,
2026,regular,11,401856861,2026-11-14T05:00:00.000Z,West Virginia,Kansas,,,,,,,
2026,regular,11,401856862,2026-11-14T05:00:00.000Z,TCU,Kansas State,,,,,,,
2026,regular,11,401856863,2026-11-14T05:00:00.000Z,Oklahoma State,Texas Tech,,,,,,,
2026,regular,11,401856864,2026-11-14T05:00:00.000Z,Arizona,Utah,,,,,,,
2026,regular,11,401856882,2026-11-14T05:00:00.000Z,Arkansas,South Carolina,,,,,,,
2026,regular,11,401856883,2026-11-14T05:00:00.000Z,Georgia,Missouri,,,,,,,
2026,regular,11,401856884,2026-11-14T05:00:00.000Z,Kentucky,Florida,,,,,,,
2026,regular,11,401856885,2026-11-14T05:00:00.000Z,LSU,Texas,,,,,,,
2026,regular,11,401856886,2026-11-14T05:00:00.000Z,Mississippi State,Auburn,,,,,,,
2026,regular,11,401856887,2026-11-14T05:00:00.000Z,Oklahoma,Ole Miss,,,,,,,
2026,regular,11,401856888,2026-11-14T05:00:00.000Z,Texas A&M,Tennessee,,,,,,,
2026,regular,11,401856889,2026-11-14T05:00:00.000Z,Vanderbilt,Alabama,,,,,,,
2026,regular,11,401858293,2026-11-13T05:00:00.000Z,Pittsburgh,Florida State,,,,,,,
2026,regular,11,401858294,2026-11-14T05:00:00.000Z,Notre Dame,Boston College,,,,,,,
2026,regular,11,401858295,2026-11-14T05:00:00.000Z,Virginia,California,,,,,,,
2026,regular,11,401858296,2026-11-14T05:00:00.000Z,Miami,Duke,,,,,,,
2026,regular,11,401858297,2026-11-14T05:00:00.000Z,Clemson,Georgia Tech,,,,,,,
2026,regular,11,401858298,2026-11-14T05:00:00.000Z,North Carolina,Louisville,,,,,,,
2026,regular,11,401858299,2026-11-14T05:00:00.000Z,Virginia Tech,Stanford,,,,,,,
2026,regular,11,401858300,2026-11-14T05:00:00.000Z,NC State,Syracuse,,,,,,,
2026,regular,11,401858301,2026-11-14T05:00:00.000Z,SMU,Wake Forest,,,,,,,
2026,regular,11,401858518,2026-11-14T05:00:00.000Z,Indiana,USC,,,,,,,
2026,regular,11,401858519,2026-11-14T05:00:00.000Z,Iowa,Purdue,,,,,,,
2026,regular,11,401858520,2026-11-14T05:00:00.000Z,Maryland,Wisconsin,,,,,,,
2026,regular,11,401858521,2026-11-14T05:00:00.000Z,Michigan State,Washington,,,,,,,
2026,regular,11,401858522,2026-11-14T05:00:00.000Z,Ohio State,Northwestern,,,,,,,
2026,regular,11,401858523,2026-11-14T05:00:00.000Z,Oregon,Michigan,,,,,,,
2026,regular,11,401858524,2026-11-14T05:00:00.000Z,Penn State,Minnesota,,,,,,,
2026,regular,11,401858525,2026-11-14T05:00:00.000Z,Rutgers,Nebraska,,,,,,,
2026,regular,11,401858526,2026-11-14T05:00:00.000Z,UCLA,Illinois,,,,,,,
2026,regular,11,401860914,2026-11-14T05:00:00.000Z,Boise State,Oregon State,,,,,,,
2026,regular,11,401860915,2026-11-14T05:00:00.000Z,San Diego State,Utah State,,,,,,,
2026,regular,11,401860916,2026-11-14T05:00:00.000Z,Texas State,Fresno State,,,,,,,
2026,regular,11,401860917,2026-11-14T05:00:00.000Z,Washington State,Colorado State,,,,,,,
2026,regular,11,401861967,2026-11-14T05:00:00.000Z,UConn,James Madison,,,,,,,
2026,regular,11,401862824,2026-11-12T05:00:00.000Z,South Florida,Memphis,,,,,,,
2026,regular,11,401862825,2026-11-14T05:00:00.000Z,Charlotte,East Carolina,,,,,,,
2026,regular,11,401862826,2026-11-14T05:00:00.000Z,Tulsa,Florida Atlantic,,,,,,,
2026,regular,11,401862827,2026-11-14T05:00:00.000Z,UTSA,North Texas,,,,,,,
2026,regular,11,401862828,2026-11-14T05:00:00.000Z,Rice,Tulane,,,,,,,
2026,regular,11,401862829,2026-11-14T05:00:00.000Z,Temple,UAB,,,,,,,
2026,regular,11,401864536,2026-11-14T05:00:00.000Z,Northern Illinois,Nevada,,,,,,,
2026,regular,11,401864537,2026-11-14T05:00:00.000Z,Hawai'i,North Dakota State,,,,,,,
2026,regular,11,401864538,2026-11-14T05:00:00.000Z,Air Force,San José State,,,,,,,
2026,regular,11,401864539,2026-11-14T05:00:00.000Z,New Mexico,UNLV,,,,,,,
2026,regular,11,401864540,2026-11-14T05:00:00.000Z,UTEP,Wyoming,,,,,,,
2026,regular,11,401866458,2026-11-10T05:00:00.000Z,Akron,Western Michigan,,,,,,,
2026,regular,11,401866459,2026-11-10T05:00:00.000Z,Bowling Green,Kent State,,,,,,,
2026,regular,11,401866460,2026-11-10T05:00:00.000Z,Miami (OH),Ohio,,,,,,,
2026,regular,11,401866461,2026-11-11T05:00:00.000Z,Ball State,Buffalo,,,,,,,
2026,regular,11,401866462,2026-11-11T05:00:00.000Z,Central Michigan,Sacramento State,,,,,,,
2026,regular,11,401866463,2026-11-11T05:00:00.000Z,Toledo,Massachusetts,,,,,,,
2026,regular,12,401856746,2026-11-21T05:00:00.000Z,Alabama,Chattanooga,,,,,,,
2026,regular,12,401856747,2026-11-21T05:00:00.000Z,Auburn,Samford,,,,,,,
2026,regular,12,401856748,2026-11-21T05:00:00.000Z,Florida,Vanderbilt,,,,,,,
2026,regular,12,401856749,2026-11-21T05:00:00.000Z,Ole Miss,Wofford,,,,,,,
2026,regular,12,401856750,2026-11-21T05:00:00.000Z,Mississippi State,Tennessee Tech,,,,,,,
2026,regular,12,401856751,2026-11-21T05:00:00.000Z,Missouri,Kentucky,,,,,,,
2026,regular,12,401856752,2026-11-21T05:00:00.000Z,Oklahoma,Texas A&M,,,,,,,
2026,regular,12,401856753,2026-11-21T05:00:00.000Z,South Carolina,Georgia,,,,,,,
2026,regular,12,401856754,2026-11-21T05:00:00.000Z,Tennessee,LSU,,,,,,,
2026,regular,12,401856755,2026-11-21T05:00:00.000Z,Texas,Arkansas,,,,,,,
2026,regular,12,401856865,2026-11-21T05:00:00.000Z,Kansas State,Arizona,,,,,,,
2026,regular,12,401856866,2026-11-21T05:00:00.000Z,Kansas,BYU,,,,,,,
2026,regular,12,401856867,2026-11-21T05:00:00.000Z,Cincinnati,Colorado,,,,,,,
2026,regular,12,401856868,2026-11-21T05:00:00.000Z,West Virginia,Houston,,,,,,,
2026,regular,12,401856869,2026-11-21T05:00:00.000Z,UCF,Iowa State,,,,,,,
2026,regular,12,401856870,2026-11-21T05:00:00.000Z,Arizona State,Oklahoma State,,,,,,,
2026,regular,12,401856871,2026-11-21T05:00:00.000Z,Baylor,Texas Tech,,,,,,,
2026,regular,12,401856872,2026-11-21T05:00:00.000Z,TCU,Utah,,,,,,,
2026,regular,12,401858302,2026-11-20T05:00:00.000Z,Miami,Virginia Tech,,,,,,,
2026,regular,12,401858303,2026-11-21T05:00:00.000Z,Duke,Clemson,,,,,,,
2026,regular,12,401858304,2026-11-21T05:00:00.000Z,Florida State,NC State,,,,,,,
2026,regular,12,401858305,2026-11-21T05:00:00.000Z,Virginia,North Carolina,,,,,,,
2026,regular,12,401858306,2026-11-21T05:00:00.000Z,Louisville,Pittsburgh,,,,,,,
2026,regular,12,401858307,2026-11-21T05:00:00.000Z,Notre Dame,SMU,,,,,,,
2026,regular,12,401858308,2026-11-21T05:00:00.000Z,California,Stanford,,,,,,,
2026,regular,12,401858309,2026-11-21T05:00:00.000Z,Boston College,Syracuse,,,,,,,
2026,regular,12,401858310,2026-11-21T05:00:00.000Z,Georgia Tech,Wake Forest,,,,,,,
2026,regular,12,401858527,2026-11-21T05:00:00.000Z,Illinois,Iowa,,,,,,,
2026,regular,12,401858528,2026-11-21T05:00:00.000Z,Michigan,UCLA,,,,,,,
2026,regular,12,401858529,2026-11-21T05:00:00.000Z,Michigan State,Oregon,,,,,,,
2026,regular,12,401858530,2026-11-21T05:00:00.000Z,Minnesota,Northwestern,,,,,,,
2026,regular,12,401858531,2026-11-21T05:00:00.000Z,Nebraska,Ohio State,,,,,,,
2026,regular,12,401858532,2026-11-21T05:00:00.000Z,Penn State,Rutgers,,,,,,,
2026,regular,12,401858533,2026-11-21T05:00:00.000Z,Purdue,Wisconsin,,,,,,,
2026,regular,12,401858534,2026-11-21T05:00:00.000Z,USC,Maryland,,,,,,,
2026,regular,12,401858535,2026-11-21T05:00:00.000Z,Washington,Indiana,,,,,,,
2026,regular,12,401860918,2026-11-21T05:00:00.000Z,Fresno State,Colorado State,,,,,,,
2026,regular,12,401860919,2026-11-21T05:00:00.000Z,Oregon State,Utah State,,,,,,,
2026,regular,12,401860920,2026-11-21T05:00:00.000Z,Texas State,Washington State,,,,,,,
2026,regular,12,401860925,2026-11-21T05:00:00.000Z,Boise State,San Diego State,,,,,,,
2026,regular,12,401861968,2026-11-21T05:00:00.000Z,UConn,Old Dominion,,,,,,,
2026,regular,12,401862830,2026-11-19T05:00:00.000Z,Temple,Rice,,,,,,,
2026,regular,12,401862831,2026-11-21T05:00:00.000Z,Army,East Carolina,,,,,,,
2026,regular,12,401862832,2026-11-21T05:00:00.000Z,Tulsa,Charlotte,,,,,,,
2026,regular,12,401862833,2026-11-21T05:00:00.000Z,Florida Atlantic,South Florida,,,,,,,
2026,regular,12,401862834,2026-11-21T05:00:00.000Z,Navy,Memphis,,,,,,,
2026,regular,12,401862835,2026-11-21T05:00:00.000Z,Tulane,North Texas,,,,,,,
2026,regular,12,401862836,2026-11-21T05:00:00.000Z,UAB,UTSA,,,,,,,
2026,regular,12,401864541,2026-11-21T05:00:00.000Z,Nevada,Hawai'i,,,,,,,
2026,regular,12,401864542,2026-11-21T05:00:00.000Z,Wyoming,New Mexico,,,,,,,
2026,regular,12,401864543,2026-11-21T05:00:00.000Z,North Dakota State,Northern Illinois,,,,,,,
2026,regular,12,401864544,2026-11-21T05:00:00.000Z,San José State,UNLV,,,,,,,
2026,regular,12,401864545,2026-11-21T05:00:00.000Z,Air Force,UTEP,,,,,,,
2026,regular,12,401866464,2026-11-17T05:00:00.000Z,Ohio,Ball State,,,,,,,
2026,regular,12,401866465,2026-11-17T05:00:00.000Z,Western Michigan,Eastern Michigan,,,,,,,
2026,regular,12,401866466,2026-11-17T05:00:00.000Z,Kent State,Miami (OH),,,,,,,
2026,regular,12,401866467,2026-11-18T05:00:00.000Z,Massachusetts,Akron,,,,,,,
2026,regular,12,401866468,2026-11-18T05:00:00.000Z,Toledo,Bowling Green,,,,,,,
2026,regular,12,401866469,2026-11-18T05:00:00.000Z,Buffalo,Central Michigan,,,,,,,
2026,regular,12,401868162,2026-11-21T05:00:00.000Z,Sacramento State,Southern Utah,,,,,,,
2026,regular,13,401856756,2026-11-27T05:00:00.000Z,Texas A&M,Texas,,,,,,,
2026,regular,13,401856757,2026-11-28T05:00:00.000Z,Alabama,Auburn,,,,,,,
2026,regular,13,401856758,2026-11-28T05:00:00.000Z,Arkansas,LSU,,,,,,,
2026,regular,13,401856759,2026-11-27T05:00:00.000Z,Florida State,Florida,,,,,,,
2026,regular,13,401856760,2026-11-28T05:00:00.000Z,Georgia,Georgia Tech,,,,,,,
2026,regular,13,401856761,2026-11-28T05:00:00.000Z,Kentucky,Louisville,,,,,,,
2026,regular,13,401856762,2026-11-27T05:00:00.000Z,Ole Miss,Mississippi State,,,,,,,
2026,regular,13,401856763,2026-11-28T05:00:00.000Z,Missouri,Oklahoma,,,,,,,
2026,regular,13,401856764,2026-11-28T05:00:00.000Z,Clemson,South Carolina,,,,,,,
2026,regular,13,401856765,2026-11-28T05:00:00.000Z,Vanderbilt,Tennessee,,,,,,,
2026,regular,13,401856873,2026-11-28T05:00:00.000Z,Arizona,Arizona State,,,,,,,
2026,regular,13,401856874,2026-11-28T05:00:00.000Z,Houston,Baylor,,,,,,,
2026,regular,13,401856875,2026-11-28T05:00:00.000Z,Colorado,UCF,,,,,,,
2026,regular,13,401856876,2026-11-28T05:00:00.000Z,BYU,Cincinnati,,,,,,,
2026,regular,13,401856877,2026-11-28T05:00:00.000Z,Oklahoma State,Kansas,,,,,,,
2026,regular,13,401856878,2026-11-28T05:00:00.000Z,Iowa State,Kansas State,,,,,,,
2026,regular,13,401856879,2026-11-28T05:00:00.000Z,Texas Tech,TCU,,,,,,,
2026,regular,13,401856880,2026-11-28T05:00:00.000Z,Utah,West Virginia,,,,,,,
2026,regular,13,401858311,2026-11-28T05:00:00.000Z,Miami,Boston College,,,,,,,
2026,regular,13,401858312,2026-11-28T05:00:00.000Z,Wake Forest,Duke,,,,,,,
2026,regular,13,401858313,2026-11-28T05:00:00.000Z,North Carolina,NC State,,,,,,,
2026,regular,13,401858314,2026-11-28T05:00:00.000Z,Syracuse,Notre Dame,,,,,,,
2026,regular,13,401858315,2026-11-28T05:00:00.000Z,California,Pittsburgh,,,,,,,
2026,regular,13,401858316,2026-11-28T05:00:00.000Z,Stanford,SMU,,,,,,,
2026,regular,13,401858317,2026-11-28T05:00:00.000Z,Virginia Tech,Virginia,,,,,,,
2026,regular,13,401858536,2026-11-27T05:00:00.000Z,Iowa,Nebraska,,,,,,,
2026,regular,13,401858537,2026-11-28T05:00:00.000Z,Illinois,Northwestern,,,,,,,
2026,regular,13,401858538,2026-11-28T05:00:00.000Z,Indiana,Purdue,,,,,,,
2026,regular,13,401858539,2026-11-28T05:00:00.000Z,Maryland,Penn State,,,,,,,
2026,regular,13,401858540,2026-11-28T05:00:00.000Z,Ohio State,Michigan,,,,,,,
2026,regular,13,401858541,2026-11-28T05:00:00.000Z,Oregon,Washington,,,,,,,
2026,regular,13,401858542,2026-11-28T05:00:00.000Z,Rutgers,Michigan State,,,,,,,
2026,regular,13,401858543,2026-11-28T05:00:00.000Z,UCLA,USC,,,,,,,
2026,regular,13,401858544,2026-11-28T05:00:00.000Z,Wisconsin,Minnesota,,,,,,,
2026,regular,13,401861969,2026-11-28T05:00:00.000Z,Wyoming,UConn,,,,,,,
2026,regular,13,401862837,2026-11-27T05:00:00.000Z,East Carolina,Florida Atlantic,,,,,,,
2026,regular,13,401862838,2026-11-27T05:00:00.000Z,Memphis,Temple,,,,,,,
2026,regular,13,401862839,2026-11-27T05:00:00.000Z,South Florida,Tulane,,,,,,,
2026,regular,13,401862840,2026-11-28T05:00:00.000Z,UTSA,Tulsa,,,,,,,
2026,regular,13,401862841,2026-11-28T05:00:00.000Z,Rice,Army,,,,,,,
2026,regular,13,401862842,2026-11-28T05:00:00.000Z,Charlotte,Navy,,,,,,,
2026,regular,13,401862843,2026-11-28T05:00:00.000Z,North Texas,UAB,,,,,,,
2026,regular,13,401864546,2026-11-28T05:00:00.000Z,New Mexico,Air Force,,,,,,,
2026,regular,13,401864547,2026-11-28T05:00:00.000Z,Hawai'i,Sacramento State,,,,,,,
2026,regular,13,401864548,2026-11-28T05:00:00.000Z,UNLV,Nevada,,,,,,,
2026,regular,13,401864549,2026-11-28T05:00:00.000Z,San José State,North Dakota State,,,,,,,
2026,regular,13,401864550,2026-11-28T05:00:00.000Z,Northern Illinois,UTEP,,,,,,,
2026,regular,13,401866470,2026-11-24T05:00:00.000Z,Eastern Michigan,Kent State,,,,,,,
2026,regular,13,401866471,2026-11-24T05:00:00.000Z,Western Michigan,Miami (OH),,,,,,,
2026,regular,13,401866472,2026-11-27T05:00:00.000Z,Akron,Buffalo,,,,,,,
2026,regular,13,401866473,2026-11-27T05:00:00.000Z,Ohio,Toledo,,,,,,,
2026,regular,13,401866474,2026-11-28T05:00:00.000Z,Ball State,Central Michigan,,,,,,,
2026,regular,13,401866475,2026-11-28T05:00:00.000Z,Bowling Green,Massachusetts,,,,,,,
2026,regular,15,401862844,2026-12-12T20:00:00.000Z,Army,Navy,,,,,,,
