game_id,away_team,home_team,away_lat,away_lon,home_lat,home_lon,miles_traveled,time_zones_crossed,east_to_west,west_to_east,international_flag,neutral_site_flag
401856766,North Carolina Tar Heels,TCU Horned Frogs,35.9069294,-79.0478889,32.7096604,-97.3680835,1067.0,1.0,1,0,0,1
401864494,San José State Spartans,USC Trojans,37.3196675,-121.8682962,34.014167,-118.287778,304.2,0.0,0,1,0,0
401858202,NC State Wolfpack,Virginia Cavaliers,35.8008001,-78.7195655,38.0311801,-78.5137897,154.5,0.0,0,1,0,0
401858201,Hawai'i Rainbow Warriors,Stanford Cardinal,21.294294,-157.819338,37.4345556,-122.1611271,2399.5,3.0,0,1,0,0
401864577,Jacksonville State Gamecocks,North Dakota State Bison,33.8201052,-85.76647,46.9029938,-96.8003251,1072.1,0.0,1,0,0,0
401866408,Sacramento State Hornets,Eastern Michigan Eagles,38.5556718,-121.4229607,42.256126,-83.647285,1987.4,3.0,0,1,0,0
401862693,Memphis Tigers,UNLV Rebels,35.1209429,-89.977147,36.0908,-115.1830,1413.6,2.0,1,0,0,0
401864570,New Mexico State Aggies,Florida State Seminoles,32.2796202,-106.7411148,30.4381692,-84.3044032,1327.5,2.0,0,1,0,0
401858423,Massachusetts Minutemen,Rutgers Scarlet Knights,42.3773244,-72.5360595,40.5462553,-74.4660408,161.2,0.0,1,0,0,0
401858204,Akron Zips,Wake Forest Demon Deacons,41.0725534,-81.5083408,36.1305507,-80.2545851,348.1,0.0,0,1,0,0
401856663,Arkansas-Pine Bluff Golden Lions,Missouri Tigers,,,38.9358491,-92.3332009,,,,,,0
401856767,Bethune-Cookman Wildcats,UCF Knights,,,28.6079765,-81.1927233,,,,,,0
401858422,Eastern Illinois Panthers,Minnesota Golden Gophers,,,44.976525,-93.2245462,,,,,,0
401856768,Idaho Vandals,Utah Utes,,,40.7599724,-111.8488255,,,,,,0
401864424,Merrimack Warriors,Delaware Blue Hens,,,39.6617428,-75.7488224,,,,,,0
401866409,UAlbany Great Danes,Buffalo Bulls,,,42.9991334,-78.7775113,,,,,,0
401864425,West Georgia Wolves,Kennesaw State Owls,,,34.0289318,-84.5676234,,,,,,0
401856776,Colorado Buffaloes,Georgia Tech Yellow Jackets,40.0094746,-105.266905,33.7724449,-84.3928054,1227.8,2.0,0,1,0,0
401858424,UAB Blazers,Illinois Fighting Illini,33.5206824,-86.8024326,40.0993268,-88.2359569,461.4,0.0,1,0,0,0
401858436,Fresno State Bulldogs,USC Trojans,36.8143527,-119.7580092,34.014167,-118.287778,210.4,0.0,0,1,0,0
401858206,Miami Hurricanes,Stanford Cardinal,25.9579665,-80.2388604,37.4345556,-122.1611271,2565.4,3.0,1,0,0,0
401864495,San José State Spartans,Eastern Michigan Eagles,37.3196675,-121.8682962,42.256126,-83.647285,2040.3,3.0,0,1,0,0
401858435,Indiana State Sycamores,Purdue Boilermakers,,,40.4352253,-86.9186843,,,,,,0
401856769,Long Island University Sharks,Kansas Jayhawks,,,38.9629418,-95.2463686,,,,,,0
401866623,North Carolina A&T Aggies,Georgia State Panthers,,,33.735267,-84.389949,,,,,,0
401856664,UTEP Miners,Oklahoma Sooners,31.7733353,-106.507957,35.2058537,-97.4423145,573.4,1.0,0,1,0,0
401858429,Toledo Rockets,Michigan State Spartans,41.6574777,-83.6135652,42.7281474,-84.4848526,86.4,0.0,1,0,0,0
401864496,Duquesne Dukes,Air Force Falcons,,,38.9969701,-104.8436165,,,,,,0
401856634,East Carolina Pirates,Alabama Crimson Tide,35.5968486,-77.364564,33.2082752,-87.5503836,603.3,1.0,1,0,0,0
401858430,Ohio Bobcats,Nebraska Cornhuskers,39.3212794,-82.1034315,40.820682,-96.705594,778.1,1.0,1,0,0,0
401856778,Oregon State Beavers,Houston Cougars,44.5594559,-123.2814341,29.7219885,-95.3491623,1834.2,2.0,0,1,0,0
401862701,Bryant Bulldogs,Army Black Knights,,,41.3874924,-73.9640891,,,,,,0
401856780,Coastal Carolina Chanticleers,West Virginia Mountaineers,33.7928506,-79.0166946,39.6502744,-79.9551873,408.0,0.0,1,0,0,0
401861962,Lafayette Leopards,UConn Huskies,,,41.7595675,-72.6187728,,,,,,0
401869960,Liberty Flames,James Madison Dukes,37.3544305,-79.1750239,38.4352919,-78.8729349,76.5,0.0,0,1,0,0
401858208,New Hampshire Wildcats,Syracuse Orange,,,43.0362269,-76.1363161,,,,,,0
401858425,North Texas Mean Green,Indiana Hoosiers,33.203899,-97.159245,39.1808959,-86.5256217,721.8,1.0,0,1,0,0
401856779,Southeast Missouri State Redhawks,Iowa State Cyclones,,,42.0139977,-93.6357716,,,,,,0
401866410,Tarleton State Texans,Bowling Green Falcons,,,41.3780114,-83.6225,,,,,,0
401858432,Ball State Cardinals,Ohio State Buckeyes,40.2159422,-85.4161148,40.0016447,-83.0197266,127.5,0.0,0,1,0,0
401858433,Boise State Broncos,Oregon Ducks,43.6028839,-116.1958882,44.0582712,-123.0684883,343.9,1.0,1,0,0,0
401858207,Miami (OH) RedHawks,Pittsburgh Panthers,39.5197009,-84.7330255,40.4467648,-80.0157603,257.8,0.0,0,1,0,0
401856665,Kent State Golden Flashes,South Carolina Gamecocks,41.1390935,-81.31346,33.9730239,-81.0191726,495.4,0.0,0,1,0,0
401856659,Youngstown State Penguins,Kentucky Wildcats,,,38.0220905,-84.5053408,,,,,,0
401862698,Rhode Island Rams,Temple Owls,,,39.9007995,-75.1675414,,,,,,0
401856636,Baylor Bears,Auburn Tigers,31.5582015,-97.1156702,32.6025532,-85.4897479,684.1,0.0,0,1,0,1
401864499,Fordham Rams,North Dakota State Bison,,,46.9029938,-96.8003251,,,,,,0
401856667,Texas State Bobcats,Texas Longhorns,29.8910008,-97.9255735,30.2836813,-97.7325345,29.5,0.0,0,1,0,0
401862700,UT Rio Grande Valley Vaqueros,UTSA Roadrunners,,,29.4169834,-98.4788143,,,,,,0
401856772,Oklahoma State Cowboys,Tulsa Golden Hurricane,36.125673,-97.066513,36.1489175,-95.9437853,62.7,0.0,0,1,0,0
401856658,Tennessee State Tigers,Georgia Bulldogs,,,33.9498197,-83.3733813,,,,,,0
401856635,North Alabama Lions,Arkansas Razorbacks,,,36.0680662,-94.1789534,,,,,,0
401858426,Northern Illinois Huskies,Iowa Hawkeyes,41.9339586,-88.7778357,41.6586045,-91.5510829,144.1,0.0,1,0,0,0
401856777,Boston College Eagles,Cincinnati Bearcats,42.335104,-71.1664413,39.1312495,-84.5161913,732.2,0.0,1,0,0,0
401856666,Furman Paladins,Tennessee Volunteers,,,35.9550131,-83.9250128,,,,,,0
401866627,Maine Black Bears,App State Mountaineers,,,36.2114267,-81.6854278,,,,,,0
401858434,Marshall Thundering Herd,Penn State Nittany Lions,38.4247042,-82.4214412,40.8121958,-77.8561023,293.6,0.0,0,1,0,0
401862694,The Citadel Bulldogs,Charlotte 49ers,,,35.3105033,-80.7401194,,,,,,0
401862696,Towson Tigers,Navy Midshipmen,,,38.9846985,-76.5076335,,,,,,0
401858209,Tulane Green Wave,Duke Blue Devils,29.944616,-90.116692,35.9953688,-78.9417564,770.1,1.0,0,1,0,0
401868356,Alcorn State Braves,Southern Miss Golden Eagles,,,31.3289321,-89.3318118,,,,,,0
401864497,UNLV Rebels,Hawai'i Rainbow Warriors,36.0908,-115.1830,21.294294,-157.819338,2752.8,3.0,1,0,0,0
401860878,Wyoming Cowboys,Colorado State Rams,41.31161,-105.5681384,40.570015,-105.088435,57.0,0.0,0,1,0,0
401860880,Idaho State Bengals,Utah State Aggies,,,41.7517394,-111.8116007,,,,,,0
401856770,Abilene Christian Wildcats,Texas Tech Red Raiders,,,33.5910518,-101.8728824,,,,,,0
401862695,Arkansas State Red Wolves,Memphis Tigers,35.8488977,-90.6677436,35.1209429,-89.977147,63.6,0.0,0,1,0,0
401856669,Austin Peay Governors,Vanderbilt Commodores,,,36.1440455,-86.8088942,,,,,,0
401868140,Eastern Kentucky Colonels,Jacksonville State Gamecocks,,,33.8201052,-85.76647,,,,,,0
401862697,Houston Christian Huskies,Rice Owls,,,29.7163297,-95.4093261,,,,,,0
401856668,Missouri State Bears,Texas A&M Aggies,37.1976229,-93.2798119,30.6098891,-96.3403828,487.8,0.0,1,0,0,0
401856774,Morgan State Bears,Arizona State Sun Devils,,,33.4264471,-111.9325005,,,,,,0
401867866,Murray State Racers,Middle Tennessee Blue Raiders,,,35.8511463,-86.3681649,,,,,,0
401856771,Nicholls Colonels,Kansas State Wildcats,,,39.2020096,-96.5938395,,,,,,0
401867973,Norfolk State Spartans,Old Dominion Monarchs,,,36.8889533,-76.3049175,,,,,,0
401868316,SE Louisiana Lions,South Alabama Jaguars,,,30.6943566,-88.0430541,,,,,,0
401870763,Sam Houston Bearkats,Troy Trojans,30.713926,-95.5419802,31.7995565,-85.9518328,571.2,0.0,0,1,0,0
401856775,Utah Tech Trailblazers,BYU Cougars,,,40.2575347,-111.6545247,,,,,,0
401856660,Clemson Tigers,LSU Tigers,34.6787737,-82.8432428,30.412035,-91.1838163,567.9,1.0,1,0,0,0
401856773,Northern Arizona Lumberjacks,Arizona Wildcats,,,32.2288054,-110.9488677,,,,,,0
401869129,Northwestern State Demons,Louisiana Tech Bulldogs,,,32.5321487,-92.6560019,,,,,,0
401860879,Portland State Vikings,San Diego State Aztecs,,,32.784444,-117.122833,,,,,,0
401856662,UL Monroe Warhawks,Mississippi State Bulldogs,32.5308089,-92.0660602,33.4563403,-88.7933652,200.1,0.0,0,1,0,0
401868170,Charleston Southern Buccaneers,Georgia Southern Eagles,,,32.4122471,-81.7849296,,,,,,0
401862699,Florida International Panthers,South Florida Bulls,25.7525014,-80.3778912,27.9758691,-82.5033344,201.9,0.0,1,0,0,0
401869142,Lamar Cardinals,Louisiana Ragin' Cajuns,,,30.2158434,-92.0417371,,,,,,0
401870790,Mercyhurst Lakers,New Mexico State Aggies,,,32.2796202,-106.7411148,,,,,,0
401866411,Mississippi Valley State Delta Devils,Sacramento State Hornets,,,38.5556718,-121.4229607,,,,,,0
401858431,South Dakota State Jackrabbits,Northwestern Wildcats,,,42.0653994,-87.6924751,,,,,,0
401858210,UCLA Bruins,California Golden Bears,34.1613284,-118.1676462,37.8710434,-122.2507729,343.1,0.0,1,0,0,0
401858211,VMI Keydets,Virginia Tech Hokies,,,37.2199873,-80.4180643,,,,,,0
401864432,Western Kentucky Hilltoppers,Nevada Wolf Pack,36.9847901,-86.4594041,39.5469459,-119.8175435,1807.9,2.0,1,0,0,0
401858428,Western Michigan Broncos,Michigan Wolverines,42.2860064,-85.6007573,42.2658365,-83.7486956,94.7,0.0,0,1,0,0
401856637,Florida Atlantic Owls,Florida Gators,26.3763763,-80.1015759,29.6499357,-82.3485788,264.5,0.0,1,0,0,0
401864498,Central Michigan Chippewas,New Mexico Lobos,43.5777313,-84.7709904,35.0669479,-106.6283225,1302.5,2.0,1,0,0,0
401858427,Hampton Pirates,Maryland Terrapins,,,38.9903332,-76.9473792,,,,,,0
401858437,Washington State Cougars,Washington Huskies,46.731831,-117.1604991,47.6503235,-122.3015746,249.5,0.0,1,0,0,0
401856661,Louisville Cardinals,Ole Miss Rebels,38.2057621,-85.7588141,34.3619837,-89.5342076,338.7,1.0,1,0,0,1
401858438,Wisconsin Badgers,Notre Dame Fighting Irish,43.06994,-89.4126943,41.698378,-86.2339425,187.9,1.0,0,1,0,1
401858212,SMU Mustangs,Florida State Seminoles,32.8377223,-96.7827859,30.4381692,-84.3044032,752.0,1.0,0,1,0,0
