season,season_type,week,game_id,game_date,game_time,away_team,home_team,neutral_site,stadium,roof,surface,bookmaker,home_spread,total,neutral_site_original,neutral_site_corrected,home_stadium_match,home_field_points,home_team_id,away_team_id,home_prior_team_weeks,away_prior_team_weeks,home_prior_fallback,away_prior_fallback,home_prior_rating,away_prior_rating,prior_home_margin,home_fpi,away_fpi,fpi_home_margin,espn_prediction_match_valid,espn_margin_consistent,espn_matchup_quality,espn_home_prob,espn_away_prob,espn_tie_prob,espn_home_ptdiff,espn_away_ptdiff,espn_home_margin,market_home_margin,margin_weight_market,margin_weight_fpi,margin_weight_espn,margin_weight_prior,home_out_count,home_doubtful_count,home_questionable_count,away_out_count,away_doubtful_count,away_questionable_count,home_injury_penalty,away_injury_penalty,injury_margin_adjustment,travel_data_available,away_miles_traveled,home_miles_traveled,travel_net_miles_1000,travel_net_time_zones,travel_net_east_to_west,travel_net_west_to_east,travel_international,travel_features_used,travel_margin_adjustment,predicted_margin_before_travel,prior_total,market_total,total_weight_market,total_weight_prior,weather_data_available,weather_exposed,weather_temperature_c,weather_wind_speed_ms,weather_wind_gust_ms,weather_humidity_pct,weather_rain_flag,weather_snow_flag,weather_features_used,weather_total_adjustment,predicted_total_before_weather,predicted_margin,predicted_total,predicted_home_score,predicted_away_score,home_win_probability,away_win_probability,home_cover_probability,away_cover_probability,over_probability,under_probability,probability_margin_sd,probability_total_sd,spread_probability_line_available,total_probability_line_available,projection_version,home_prior_off_epa_per_play,away_prior_off_epa_per_play,home_prior_def_epa_per_play,away_prior_def_epa_per_play,home_prior_off_success_rate,away_prior_off_success_rate,home_prior_def_success_rate,away_prior_def_success_rate,home_prior_yards_per_play,away_prior_yards_per_play,home_prior_yards_per_play_allowed,away_prior_yards_per_play_allowed,home_prior_points_per_drive,away_prior_points_per_drive,home_prior_points_per_drive_allowed,away_prior_points_per_drive_allowed,home_prior_red_zone_td_rate,away_prior_red_zone_td_rate,home_prior_red_zone_td_rate_allowed,away_prior_red_zone_td_rate_allowed,home_prior_early_down_epa,away_prior_early_down_epa,home_prior_third_down_conversion_rate,away_prior_third_down_conversion_rate,ml_selected,ml_selection,ml_selection_reason,ml_odds_american,ml_model_probability,ml_implied_probability,ml_edge,ml_ev,ml_full_kelly,ml_kelly,spread_selected,spread_selection,spread_selection_reason,spread_line,spread_odds_american,spread_model_probability,spread_implied_probability,spread_edge,spread_ev,spread_full_kelly,spread_kelly,total_selected,total_selection,total_selection_reason,total_line,total_odds_american,total_model_probability,total_implied_probability,total_edge,total_ev,total_full_kelly,total_kelly,ml_home_available,ml_home_odds_american,ml_home_model_probability,ml_home_implied_probability,ml_home_edge,ml_home_ev,ml_home_full_kelly,ml_home_kelly,ml_away_available,ml_away_odds_american,ml_away_model_probability,ml_away_implied_probability,ml_away_edge,ml_away_ev,ml_away_full_kelly,ml_away_kelly,spread_home_available,spread_home_line,spread_home_odds_american,spread_home_model_probability,spread_home_implied_probability,spread_home_edge,spread_home_ev,spread_home_full_kelly,spread_home_kelly,spread_away_available,spread_away_line,spread_away_odds_american,spread_away_model_probability,spread_away_implied_probability,spread_away_edge,spread_away_ev,spread_away_full_kelly,spread_away_kelly,total_over_available,total_over_line,total_over_odds_american,total_over_model_probability,total_over_implied_probability,total_over_edge,total_over_ev,total_over_full_kelly,total_over_kelly,total_under_available,total_under_line,total_under_odds_american,total_under_model_probability,total_under_implied_probability,total_under_edge,total_under_ev,total_under_full_kelly,total_under_kelly,historical_source_bookmaker,historical_provider_proxy
2025,2,3,401754531,2025-09-11,19:30,NC State Wolfpack,Wake Forest Demon Deacons,0,Allegacy Federal Credit Union Stadium,open_air,Artificial,draftkings,7.5,52.5,0,0,1,2.5,154,152,2,2,0,0,10.0594,5.9537,6.6057,,,,1,1,59.039,0.25826,0.74174,,-6.787,6.787,-6.787,-7.5,0.5,0.0,0.2778,0.2222,0,0,0,0,0,0,0.0,0.0,0.0,0,,,,,,,,0,0.0,-4.1674,44.6909,52.5,0.75,0.25,0,0,,,,,,,0,0.0,50.5477,-4.17,50.55,23.19,27.36,0.382978,0.617022,0.594077,0.405923,0.444548,0.555452,14.0,14.0,1,1,cfb-week1-v7-game-lock-2026-08-30,0.043916,0.133368,-0.060648,0.074449,0.431507,0.458705,0.397528,0.443051,6.971469,6.250739,4.94349,6.056802,1.949638,2.297871,1.487652,2.037171,0.440485,0.666675,0.445701,0.462368,0.025512,0.144871,0.366879,0.295185,0,,DEFERRED_TO_FILTER,,,,,,,,0,,DEFERRED_TO_FILTER,,,,,,,,,0,,DEFERRED_TO_FILTER,52.5,,,,,,,,1,230.0,0.382978,0.29141104294478526,0.09156695705521473,0.26382739999999993,0.11470756521739128,0.05,1,-280.0,0.617022,0.7085889570552146,-0.09156695705521467,-0.162613,0.0,0.0,1,7.5,-130.0,0.594077,0.5427435387673957,0.051333461232604294,0.0510593076923076,0.06637709999999988,0.05,1,-7.5,110.0,0.405923,0.4572564612326044,-0.051333461232604405,-0.14756169999999996,0.0,0.0,1,52.5,-115.0,0.444548,0.5108342361863489,-0.06628623618634893,-0.16888852173913055,0.0,0.0,1,52.5,-105.0,0.555452,0.4891657638136511,0.06628623618634882,0.08445390476190462,0.08867659999999986,0.05,ESPN BET,1
2025,2,3,401752836,2025-09-12,18:30,Indiana State Sycamores,Indiana Hoosiers,0,"Memorial Stadium (Bloomington, IN)",open_air,Artificial,draftkings,,60.5,0,0,1,2.5,84,,2,0,0,1,15.1226,0.0,,,,,1,1,50.0,0.99582,0.418,,46.554,-46.554,46.554,,0.0,0.0,1.0,0.0,0,0,0,0,0,0,0.0,0.0,0.0,0,,,,,,,,0,0.0,46.554,45.7039,60.5,0.75,0.25,0,0,,,,,,,0,0.0,56.801,46.55,56.8,51.68,5.12,0.999558,0.000442,0.5,0.5,0.395807,0.604193,14.0,14.0,0,1,cfb-week1-v7-game-lock-2026-08-30,0.169826,0.015935,-0.042277,0.055624,0.483592,0.431299,0.396969,0.4475,6.604582,5.640036,5.813039,5.900129,2.513409,1.880616,1.462323,2.092155,0.655397,0.548056,0.479035,0.5614,0.158161,0.004445,0.390059,0.332326,0,,CURRENT_LINE_MISSING,,,,,,,,0,,CURRENT_LINE_MISSING,,,,,,,,,0,,DEFERRED_TO_FILTER,60.5,,,,,,,,0,,,,,,,,0,,,,,,,,0,,,,,,,,,0,,,,,,,,,1,60.5,-110.0,0.395807,0.5,-0.10419299999999998,-0.24436845454545447,0.0,0.0,1,60.5,-110.0,0.604193,0.5,0.10419299999999998,0.1534593636363637,0.16880530000000005,0.05,ESPN BET,1
2025,2,3,401752837,2025-09-12,19:00,New Mexico Lobos,UCLA Bruins,0,Rose Bowl,open_air,Grass,draftkings,-15.5,52.5,0,0,1,2.5,26,167,2,2,0,0,-7.7521,-1.7867,-3.4654,,,,1,1,46.589,0.81408,0.18592,,10.213,-10.213,10.213,15.5,0.5,0.0,0.2778,0.2222,0,0,0,0,0,0,0.0,0.0,0.0,0,,,,,,,,0,0.0,9.8168,50.417,52.5,0.75,0.25,0,0,,,,,,,0,0.0,51.9792,9.82,51.98,30.9,21.08,0.758412,0.241588,0.342394,0.657606,0.485164,0.514836,14.0,14.0,1,1,cfb-week1-v7-game-lock-2026-08-30,0.036736,0.035972,0.181333,0.085712,0.438351,0.424382,0.514934,0.458325,5.374595,5.388775,6.069368,6.090948,1.839916,1.946006,2.742513,2.239735,0.586318,0.548818,0.779035,0.529035,0.018778,-0.023703,0.254,0.31523,0,,DEFERRED_TO_FILTER,,,,,,,,0,,DEFERRED_TO_FILTER,,,,,,,,,0,,DEFERRED_TO_FILTER,52.5,,,,,,,,1,-700.0,0.758412,0.8279569892473118,-0.06954498924731178,-0.13324342857142865,0.0,0.0,1,450.0,0.241588,0.17204301075268816,0.06954498924731184,0.32873399999999997,0.07305199999999999,0.05,1,-15.5,-110.0,0.342394,0.5,-0.15760600000000002,-0.3463387272727273,0.0,0.0,1,15.5,-110.0,0.657606,0.5,0.15760600000000002,0.25542963636363647,0.2809726000000001,0.05,1,52.5,-105.0,0.485164,0.4891657638136511,-0.004001763813651138,-0.05277504761904772,0.0,0.0,1,52.5,-115.0,0.514836,0.5108342361863489,0.004001763813651027,-0.03748052173913058,0.0,0.0,ESPN BET,1
2025,2,3,401754532,2025-09-12,19:00,Colgate Raiders,Syracuse Orange,0,JMA Wireless Dome,dome,Artificial,draftkings,-37.5,64.5,0,0,1,2.5,183,,2,0,0,1,-0.5717,0.0,,,,,1,1,21.345,0.98903,0.01097,,37.765,-37.765,37.765,37.5,0.6429,0.0,0.3571,0.0,0,0,0,0,0,0,0.0,0.0,0.0,0,,,,,,,,0,0.0,37.5946,46.3185,64.5,0.75,0.25,0,0,,,,,,,0,0.0,59.9546,37.59,59.95,48.77,11.18,0.996377,0.003623,0.502697,0.497303,0.372716,0.627284,14.0,14.0,1,1,cfb-week1-v7-game-lock-2026-08-30,0.052978,0.015935,0.085908,0.055624,0.465289,0.431299,0.471554,0.4475,5.478463,5.640036,6.170114,5.900129,1.902416,1.880616,2.180212,2.092155,0.557152,0.548056,0.604035,0.5614,0.061178,0.004445,0.304974,0.332326,0,,DEFERRED_TO_FILTER,,,,,,,,0,,DEFERRED_TO_FILTER,,,,,,,,,0,,DEFERRED_TO_FILTER,64.5,,,,,,,,1,-50000.0,0.996377,0.9729203826820173,0.023456617317982653,-0.0016302460000000413,0.0,0.0,1,3500.0,0.003623,0.027079617317982814,-0.023456617317982813,-0.869572,0.0,0.0,1,-37.5,-110.0,0.502697,0.5,0.0026969999999999494,-0.040305727272727354,0.0,0.0,1,37.5,-110.0,0.497303,0.5,-0.002697000000000005,-0.05060336363636353,0.0,0.0,1,64.5,-105.0,0.372716,0.4891657638136511,-0.11644976381365113,-0.2723163809523809,0.0,0.0,1,64.5,-115.0,0.627284,0.5108342361863489,0.11644976381365102,0.17274834782608683,0.19866059999999988,0.05,ESPN BET,1
2025,2,3,401756888,2025-09-12,18:00,Kansas State Wildcats,Arizona Wildcats,0,Arizona Stadium,open_air,Artificial,draftkings,1.5,56.5,0,0,1,2.5,12,2306,2,2,0,0,10.2117,1.09,11.6217,,,,1,1,71.299,0.60688,0.39312,,2.628,-2.628,2.628,-1.5,0.5,0.0,0.2778,0.2222,0,0,0,0,0,0,0.0,0.0,0.0,0,,,,,,,,0,0.0,2.5626,41.7902,56.5,0.75,0.25,0,0,,,,,,,0,0.0,52.8225,2.56,52.82,27.69,25.13,0.572618,0.427382,0.614163,0.385837,0.396401,0.603599,14.0,14.0,1,1,cfb-week1-v7-game-lock-2026-08-30,0.096099,0.044366,-0.077963,0.078598,0.481993,0.422622,0.415526,0.435447,6.104587,5.861665,5.204142,5.107165,1.542416,2.128666,1.331402,2.265376,0.440485,0.440485,0.386178,0.605424,0.096777,0.024158,0.354913,0.293802,0,,DEFERRED_TO_FILTER,,,,,,,,0,,DEFERRED_TO_FILTER,,,,,,,,,0,,DEFERRED_TO_FILTER,56.5,,,,,,,,1,-105.0,0.572618,0.4891657638136511,0.08345223618634884,0.11796847619047612,0.12386689999999993,0.05,1,-115.0,0.427382,0.5108342361863489,-0.08345223618634895,-0.2009814782608697,0.0,0.0,1,1.5,-120.0,0.614163,0.5217391304347826,0.09242386956521742,0.12596550000000006,0.15115860000000006,0.05,1,-1.5,100.0,0.385837,0.4782608695652174,-0.09242386956521742,-0.22832600000000003,0.0,0.0,1,56.5,-110.0,0.396401,0.5,-0.103599,-0.2432344545454545,0.0,0.0,1,56.5,-110.0,0.603599,0.5,0.103599,0.15232536363636373,0.1675579000000001,0.05,ESPN BET,1
2025,2,3,401756893,2025-09-12,18:30,Colorado Buffaloes,Houston Cougars,0,TDECU Stadium,open_air,Artificial,draftkings,-3.5,45.5,0,0,1,2.5,248,38,2,2,0,0,9.6303,1.4799,10.6504,,,,1,1,53.651,0.57931,0.42069,,1.845,-1.845,1.845,3.5,0.5,0.0,0.2778,0.2222,0,0,0,0,0,0,0.0,0.0,0.0,0,,,,,,,,0,0.0,4.6293,44.7313,45.5,0.75,0.25,0,0,,,,,,,0,0.0,45.3078,4.63,45.31,24.97,20.34,0.62955,0.37045,0.532144,0.467856,0.494524,0.505476,14.0,14.0,1,1,cfb-week1-v7-game-lock-2026-08-30,0.074346,0.0612,-0.117199,0.081013,0.413401,0.444685,0.418848,0.473284,5.787826,5.640686,4.985883,6.283156,2.202416,2.156962,1.554479,1.865493,0.718263,0.607152,0.654035,0.529035,-0.000922,0.027575,0.362191,0.324571,0,,DEFERRED_TO_FILTER,,,,,,,,0,,DEFERRED_TO_FILTER,,,,,,,,,0,,DEFERRED_TO_FILTER,45.5,,,,,,,,1,-190.0,0.62955,0.6301020408163265,-0.0005520408163264268,-0.03910789473684212,0.0,0.0,1,160.0,0.37045,0.36989795918367335,0.0005520408163266488,-0.03683000000000003,0.0,0.0,1,-3.5,-115.0,0.532144,0.5108342361863489,0.021309763813651017,-0.005122086956521887,0.0,0.0,1,3.5,-105.0,0.467856,0.4891657638136511,-0.021309763813651128,-0.08656685714285711,0.0,0.0,1,45.5,-105.0,0.494524,0.4891657638136511,0.005358236186348897,-0.03450076190476192,0.0,0.0,1,45.5,-115.0,0.505476,0.5108342361863489,-0.005358236186348897,-0.05497965217391304,0.0,0.0,ESPN BET,1
2025,2,3,401752696,2025-09-13,11:00,Wisconsin Badgers,Alabama Crimson Tide,0,Bryant-Denny Stadium,open_air,Grass,draftkings,-18.5,45.5,0,0,1,2.5,333,275,2,2,0,0,12.5888,14.6157,0.4731,,,,1,1,74.498,0.89015,0.10985,,15.624,-15.624,15.624,18.5,0.5,0.0,0.2778,0.2222,0,0,0,0,0,0,0.0,0.0,0.0,0,,,,,,,,0,0.0,13.6951,47.1932,45.5,0.75,0.25,0,0,,,,,,,0,0.0,45.9233,13.7,45.92,29.81,16.11,0.836018,0.163982,0.365722,0.634278,0.51206,0.48794,14.0,14.0,1,1,cfb-week1-v7-game-lock-2026-08-30,0.154479,0.097261,-0.022462,-0.115331,0.456233,0.464888,0.419452,0.407324,6.130283,6.203304,5.37857,4.905668,2.957095,2.331962,1.65978,1.258675,0.648818,0.690485,0.629035,0.529035,0.104886,0.062295,0.339795,0.387365,0,,DEFERRED_TO_FILTER,,,,,,,,0,,DEFERRED_TO_FILTER,,,,,,,,,0,,DEFERRED_TO_FILTER,45.5,,,,,,,,1,-1400.0,0.836018,0.8880597014925373,-0.052041701492537285,-0.10426642857142857,0.0,0.0,1,750.0,0.163982,0.11194029850746268,0.05204170149253731,0.39384699999999995,0.052512933333333324,0.05,1,-18.5,-105.0,0.365722,0.4891657638136511,-0.12344376381365113,-0.28597133333333336,0.0,0.0,1,18.5,-115.0,0.634278,0.5108342361863489,0.12344376381365108,0.18582408695652164,0.2136976999999999,0.05,1,45.5,-105.0,0.51206,0.4891657638136511,0.022894236186348838,-0.00026380952380961054,0.0,0.0,1,45.5,-115.0,0.48794,0.5108342361863489,-0.02289423618634895,-0.087764347826087,0.0,0.0,ESPN BET,1
2025,2,3,401752697,2025-09-13,11:45,South Alabama Jaguars,Auburn Tigers,0,Jordan-Hare Stadium,open_air,Grass,draftkings,-26.5,55.5,0,0,1,2.5,2,6,2,2,0,0,18.9937,5.2544,16.2393,,,,1,1,51.564,0.93407,0.06593,,20.867,-20.867,20.867,26.5,0.5,0.0,0.2778,0.2222,0,0,0,0,0,0,0.0,0.0,0.0,0,,,,,,,,0,0.0,22.6551,48.8434,55.5,0.75,0.25,0,0,,,,,,,0,0.0,53.8359,22.66,53.84,38.25,15.59,0.947193,0.052807,0.391799,0.608201,0.45269,0.54731,14.0,14.0,1,1,cfb-week1-v7-game-lock-2026-08-30,0.193756,0.108111,-0.06502,0.077546,0.511908,0.474266,0.353787,0.4525,6.275311,6.213384,5.004257,5.60716,2.575493,2.205621,1.689094,2.0243,0.690485,0.598818,0.379035,0.716535,0.191888,0.181419,0.428242,0.312712,0,,DEFERRED_TO_FILTER,,,,,,,,0,,DEFERRED_TO_FILTER,,,,,,,,,0,,DEFERRED_TO_FILTER,55.5,,,,,,,,1,-5000.0,0.947193,0.9400705052878965,0.0071224947121034665,-0.03386314000000003,0.0,0.0,1,1500.0,0.052807,0.059929494712103404,-0.007122494712103404,-0.155088,0.0,0.0,1,-26.5,-110.0,0.391799,0.5,-0.10820099999999999,-0.2520200909090909,0.0,0.0,1,26.5,-110.0,0.608201,0.5,0.10820099999999999,0.161111,0.1772221,0.05,1,55.5,-115.0,0.45269,0.5108342361863489,-0.05814423618634895,-0.15366652173913048,0.0,0.0,1,55.5,-105.0,0.54731,0.4891657638136511,0.05814423618634884,0.06855761904761892,0.07198549999999987,0.05,ESPN BET,1
2025,2,3,401752698,2025-09-13,19:30,Eastern Michigan Eagles,Kentucky Wildcats,0,Kroger Field,open_air,Artificial,draftkings,-26.5,50.5,0,0,1,2.5,96,2199,2,2,0,0,1.7363,-4.0669,8.3032,,,,1,1,40.244,0.95251,0.04749,,24.282,-24.282,24.282,26.5,0.5,0.0,0.2778,0.2222,0,0,0,0,0,0,0.0,0.0,0.0,0,,,,,,,,0,0.0,21.8402,47.7278,50.5,0.75,0.25,0,0,,,,,,,0,0.0,49.8069,21.84,49.81,35.82,13.98,0.940621,0.059379,0.369625,0.630375,0.480259,0.519741,14.0,14.0,1,1,cfb-week1-v7-game-lock-2026-08-30,-0.037475,0.115685,0.007317,0.22856,0.432515,0.450047,0.42723,0.495481,5.41939,5.971303,5.836914,7.027874,1.824669,2.03813,1.701732,2.735947,0.623818,0.548818,0.595701,0.637368,-0.009818,0.139496,0.370004,0.357355,0,,DEFERRED_TO_FILTER,,,,,,,,0,,DEFERRED_TO_FILTER,,,,,,,,,0,,DEFERRED_TO_FILTER,50.5,,,,,,,,1,-3000.0,0.940621,0.9263657957244655,0.014255204275534505,-0.028024966666666526,0.0,0.0,1,1200.0,0.059379,0.07363420427553445,-0.01425520427553445,-0.22807300000000008,0.0,0.0,1,-26.5,-115.0,0.369625,0.5108342361863489,-0.14120923618634895,-0.3089619565217392,0.0,0.0,1,26.5,-105.0,0.630375,0.4891657638136511,0.1412092361863489,0.23073214285714283,0.24226874999999998,0.05,1,50.5,-105.0,0.480259,0.4891657638136511,-0.00890676381365113,-0.06235147619047621,0.0,0.0,1,50.5,-115.0,0.519741,0.5108342361863489,0.008906763813651075,-0.028310304347826165,0.0,0.0,ESPN BET,1
2025,2,3,401752699,2025-09-13,18:30,Florida Gators,LSU Tigers,0,Tiger Stadium (LA),open_air,Grass,draftkings,-5.5,47.5,0,0,1,2.5,99,57,2,2,0,0,5.5057,14.5699,-6.5641,,,,1,1,72.411,0.61532,0.38468,,2.829,-2.829,2.829,5.5,0.5,0.0,0.2778,0.2222,0,0,0,0,0,0,0.0,0.0,0.0,0,,,,,,,,0,0.0,2.0771,42.4238,47.5,0.75,0.25,0,0,,,,,,,0,0.0,46.231,2.08,46.23,24.15,22.08,0.558973,0.441027,0.403426,0.596574,0.463887,0.536113,14.0,14.0,1,1,cfb-week1-v7-game-lock-2026-08-30,0.033054,0.086213,-0.021966,-0.147375,0.435596,0.467446,0.412405,0.374108,5.640871,5.970923,4.979874,5.189845,1.959992,2.352416,1.76341,1.302235,0.582152,0.544652,0.654035,0.379035,-0.00621,0.095057,0.359587,0.325532,0,,DEFERRED_TO_FILTER,,,,,,,,0,,DEFERRED_TO_FILTER,,,,,,,,,0,,DEFERRED_TO_FILTER,47.5,,,,,,,,1,-230.0,0.558973,0.6727813584531482,-0.11380835845314818,-0.19799526086956518,0.0,0.0,1,195.0,0.441027,0.32721864154685176,0.11380835845314824,0.30102965000000015,0.15437417948717955,0.05,1,-5.5,-110.0,0.403426,0.5,-0.096574,-0.2298230909090908,0.0,0.0,1,5.5,-110.0,0.596574,0.5,0.09657400000000005,0.1389140000000001,0.1528054000000001,0.05,1,47.5,-110.0,0.463887,0.5,-0.036113000000000006,-0.1143975454545455,0.0,0.0,1,47.5,-110.0,0.536113,0.5,0.03611299999999995,0.023488454545454507,0.025837299999999955,0.025837299999999955,ESPN BET,1
2025,2,3,401752700,2025-09-13,18:00,Arkansas Razorbacks,Ole Miss Rebels,0,Vaught-Hemingway Stadium,open_air,Grass,draftkings,-4.5,60.5,0,0,1,2.5,145,8,2,2,0,0,8.1312,19.7182,-9.087,,,,1,1,78.845,0.73684,0.26316,,6.762,-6.762,6.762,4.5,0.5,0.0,0.2778,0.2222,0,0,0,0,0,0,0.0,0.0,0.0,0,,,,,,,,0,0.0,2.109,50.6442,60.5,0.75,0.25,0,0,,,,,,,0,0.0,58.0361,2.11,58.04,30.07,27.96,0.559871,0.440129,0.432196,0.567804,0.430149,0.569851,14.0,14.0,1,1,cfb-week1-v7-game-lock-2026-08-30,0.081269,0.244806,0.00357,-0.025417,0.468207,0.519451,0.418131,0.426205,6.478456,7.518991,5.640577,5.077131,2.23813,2.957911,1.783025,1.828624,0.598818,0.773818,0.475189,0.654035,0.107181,0.187394,0.285127,0.44893,0,,DEFERRED_TO_FILTER,,,,,,,,0,,DEFERRED_TO_FILTER,,,,,,,,,0,,DEFERRED_TO_FILTER,60.5,,,,,,,,1,-170.0,0.559871,0.6067006554989075,-0.046829655498907496,-0.11079311764705874,0.0,0.0,1,145.0,0.440129,0.3932993445010925,0.046829655498907496,0.07831605000000008,0.054011068965517293,0.05,1,-4.5,-105.0,0.432196,0.4891657638136511,-0.0569697638136511,-0.15618876190476189,0.0,0.0,1,4.5,-115.0,0.567804,0.5108342361863489,0.05696976381365104,0.06154660869565204,0.07077859999999986,0.05,1,60.5,-110.0,0.430149,0.5,-0.069851,-0.17880645454545452,0.0,0.0,1,60.5,-110.0,0.569851,0.5,0.069851,0.08789736363636369,0.09668710000000005,0.05,ESPN BET,1
2025,2,3,401752701,2025-09-13,17:00,Alcorn State Braves,Mississippi State Bulldogs,0,Davis Wade Stadium,open_air,Grass,draftkings,,54.5,0,0,1,2.5,344,,2,0,0,1,1.9272,0.0,,,,,1,1,33.281,0.99554,0.446,,45.759,-45.759,45.759,,0.0,0.0,1.0,0.0,0,0,0,0,0,0,0.0,0.0,0.0,0,,,,,,,,0,0.0,45.759,45.1365,54.5,0.75,0.25,0,0,,,,,,,0,0.0,52.1591,45.76,52.16,48.96,3.2,0.999459,0.000541,0.5,0.5,0.433604,0.566396,14.0,14.0,0,1,cfb-week1-v7-game-lock-2026-08-30,0.032248,0.015935,0.034891,0.055624,0.444886,0.431299,0.449092,0.4475,5.707088,5.640036,5.475655,5.900129,1.928979,1.880616,1.948069,2.092155,0.398818,0.548056,0.654035,0.5614,0.044972,0.004445,0.344874,0.332326,0,,CURRENT_LINE_MISSING,,,,,,,,0,,CURRENT_LINE_MISSING,,,,,,,,,0,,DEFERRED_TO_FILTER,54.5,,,,,,,,0,,,,,,,,0,,,,,,,,0,,,,,,,,,0,,,,,,,,,1,54.5,-120.0,0.433604,0.5217391304347826,-0.0881351304347826,-0.20505933333333332,0.0,0.0,1,54.5,100.0,0.566396,0.4782608695652174,0.0881351304347826,0.13279200000000002,0.13279200000000002,0.05,ESPN BET,1
2025,2,3,401752702,2025-09-13,12:00,Louisiana Ragin' Cajuns,Missouri Tigers,0,Memorial Stadium,open_air,Artificial,draftkings,-27.5,46.5,0,0,1,2.5,142,309,2,2,0,0,10.1126,3.8592,8.7534,,,,1,1,54.031,0.94887,0.05113,,23.517,-23.517,23.517,27.5,0.5,0.0,0.2778,0.2222,0,0,0,0,0,0,0.0,0.0,0.0,0,,,,,,,,0,0.0,22.2277,45.9787,46.5,0.75,0.25,0,0,,,,,,,0,0.0,46.3697,22.23,46.37,34.3,12.07,0.943822,0.056178,0.353238,0.646762,0.496286,0.503714,14.0,14.0,1,1,cfb-week1-v7-game-lock-2026-08-30,0.127941,0.00249,0.01156,-0.035921,0.466642,0.430531,0.416704,0.431734,6.330273,5.323428,5.652067,5.203564,2.421166,2.100035,1.807328,1.667766,0.648818,0.461318,0.591535,0.629035,0.095401,-0.013881,0.3953,0.32881,0,,DEFERRED_TO_FILTER,,,,,,,,0,,DEFERRED_TO_FILTER,,,,,,,,,0,,DEFERRED_TO_FILTER,46.5,,,,,,,,1,-5000.0,0.943822,0.9400705052878965,0.0037514947121035647,-0.03730155999999993,0.0,0.0,1,1500.0,0.056178,0.059929494712103404,-0.003751494712103405,-0.10115200000000002,0.0,0.0,1,-27.5,-120.0,0.353238,0.5217391304347826,-0.1685011304347826,-0.352397,0.0,0.0,1,27.5,100.0,0.646762,0.4782608695652174,0.16850113043478254,0.2935239999999999,0.2935239999999999,0.05,1,46.5,-115.0,0.496286,0.5108342361863489,-0.014548236186348928,-0.0721609565217392,0.0,0.0,1,46.5,-105.0,0.503714,0.4891657638136511,0.014548236186348873,-0.01655838095238099,0.0,0.0,ESPN BET,1
2025,2,3,401752703,2025-09-13,12:00,Oklahoma Sooners,Temple Owls,0,Lincoln Financial Field,open_air,Artificial,draftkings,24.5,51.5,0,0,1,2.5,218,201,2,2,0,0,22.6455,9.7347,15.4109,,,,1,1,60.574,0.1502,0.8498,,-12.509,12.509,-12.509,-24.5,0.5,0.0,0.2778,0.2222,0,0,0,0,0,0,0.0,0.0,0.0,0,,,,,,,,0,0.0,-12.3001,46.3915,51.5,0.75,0.25,0,0,,,,,,,0,0.0,50.2229,-12.3,50.22,18.96,31.26,0.189815,0.810185,0.808238,0.191762,0.463658,0.536342,14.0,14.0,1,1,cfb-week1-v7-game-lock-2026-08-30,0.254386,0.054723,-0.052056,-0.046359,0.505704,0.444239,0.394518,0.369964,6.861478,5.849408,4.999208,5.349166,3.077416,2.044167,1.355807,1.590697,0.732152,0.63989,0.591535,0.404035,0.202358,-0.003906,0.500212,0.403223,0,,DEFERRED_TO_FILTER,,,,,,,,0,,DEFERRED_TO_FILTER,,,,,,,,,0,,DEFERRED_TO_FILTER,51.5,,,,,,,,1,1250.0,0.189815,0.07110091743119266,0.11871408256880735,1.5625025000000001,0.1250002,0.05,1,-3000.0,0.810185,0.9288990825688074,-0.11871408256880733,-0.1628088333333332,0.0,0.0,1,24.5,-120.0,0.808238,0.5217391304347826,0.2864988695652174,0.48176966666666676,0.5781236,0.05,1,-24.5,100.0,0.191762,0.4782608695652174,-0.2864988695652174,-0.616476,0.0,0.0,1,51.5,-105.0,0.463658,0.4891657638136511,-0.025507763813651108,-0.09476295238095239,0.0,0.0,1,51.5,-115.0,0.536342,0.5108342361863489,0.025507763813651052,0.0027263478260868834,0.0031352999999999165,0.0031352999999999165,ESPN BET,1
2025,2,3,401752704,2025-09-13,19:45,Vanderbilt Commodores,South Carolina Gamecocks,0,Williams-Brice Stadium,open_air,Grass,draftkings,-2.5,48.5,0,0,1,2.5,2579,238,2,2,0,0,5.274,15.0944,-7.3204,,,,1,1,80.789,0.65135,0.34865,,3.819,-3.819,3.819,2.5,0.5,0.0,0.2778,0.2222,0,0,0,0,0,0,0.0,0.0,0.0,0,,,,,,,,0,0.0,0.6841,44.7237,48.5,0.75,0.25,0,0,,,,,,,0,0.0,47.5559,0.68,47.56,24.12,23.44,0.519486,0.480514,0.448398,0.551602,0.473118,0.526882,14.0,14.0,1,1,cfb-week1-v7-game-lock-2026-08-30,0.023274,0.269359,-0.059535,0.04136,0.414694,0.509911,0.416973,0.458749,5.417505,7.117457,5.545338,5.321803,1.76378,2.652416,1.428255,1.933576,0.648818,0.661318,0.362368,0.554035,0.008151,0.213794,0.29756,0.393069,0,,DEFERRED_TO_FILTER,,,,,,,,0,,DEFERRED_TO_FILTER,,,,,,,,,0,,DEFERRED_TO_FILTER,48.5,,,,,,,,1,-145.0,0.519486,0.5711159737417943,-0.051629973741794344,-0.12224779310344824,0.0,0.0,1,125.0,0.480514,0.42888402625820565,0.051629973741794344,0.08115649999999996,0.06492519999999997,0.05,1,-2.5,-125.0,0.448398,0.5324675324675325,-0.08406953246753252,-0.19288359999999988,0.0,0.0,1,2.5,105.0,0.551602,0.4675324675324676,0.08406953246753246,0.13078409999999996,0.1245562857142857,0.05,1,48.5,-110.0,0.473118,0.5,-0.026882000000000017,-0.09677472727272735,0.0,0.0,1,48.5,-110.0,0.526882,0.5,0.02688199999999996,0.005865636363636351,0.006452199999999985,0.006452199999999985,ESPN BET,1
2025,2,3,401752705,2025-09-13,15:30,Georgia Bulldogs,Tennessee Volunteers,0,Neyland Stadium,open_air,Grass,draftkings,3.5,50.5,0,0,1,2.5,2633,61,2,2,0,0,12.4726,9.1055,5.8671,,,,1,1,92.323,0.51475,0.48525,,0.479,-0.479,0.479,-3.5,0.5,0.0,0.2778,0.2222,0,0,0,0,0,0,0.0,0.0,0.0,0,,,,,,,,0,0.0,-0.3131,47.8516,50.5,0.75,0.25,0,0,,,,,,,0,0.0,49.8379,-0.31,49.84,24.76,25.08,0.491077,0.508923,0.590034,0.409966,0.48114,0.51886,14.0,14.0,1,1,cfb-week1-v7-game-lock-2026-08-30,0.150356,0.059716,0.015528,-0.045754,0.507339,0.469256,0.425076,0.423781,6.247999,5.761031,5.229022,5.385329,2.702416,2.228057,1.827235,1.564317,0.640485,0.648818,0.654035,0.529035,0.094383,0.058257,0.405515,0.359849,0,,DEFERRED_TO_FILTER,,,,,,,,0,,DEFERRED_TO_FILTER,,,,,,,,,0,,DEFERRED_TO_FILTER,50.5,,,,,,,,1,135.0,0.491077,0.4117884537747275,0.07928854622527248,0.15403095,0.11409699999999999,0.05,1,-155.0,0.508923,0.5882115462252726,-0.0792885462252726,-0.1627395806451613,0.0,0.0,1,3.5,-120.0,0.590034,0.5217391304347826,0.06829486956521735,0.081729,0.09807479999999998,0.05,1,-3.5,100.0,0.409966,0.4782608695652174,-0.06829486956521741,-0.18006799999999995,0.0,0.0,1,50.5,-105.0,0.48114,0.4891657638136511,-0.00802576381365111,-0.06063142857142856,0.0,0.0,1,50.5,-115.0,0.51886,0.5108342361863489,0.008025763813651055,-0.029957391304347936,0.0,0.0,ESPN BET,1
2025,2,3,401752706,2025-09-13,15:15,UTEP Miners,Texas Longhorns,0,DKR-Texas Memorial Stadium,open_air,Artificial,draftkings,-40.5,52.5,0,0,1,2.5,251,2638,2,2,0,0,8.6432,4.1805,6.9627,,,,1,1,51.446,0.99087,0.913,,39.503,-39.503,39.503,40.5,0.5,0.0,0.2778,0.2222,0,0,0,0,0,0,0.0,0.0,0.0,0,,,,,,,,0,0.0,32.7703,43.012,52.5,0.75,0.25,0,0,,,,,,,0,0.0,50.128,32.77,50.13,41.45,8.68,0.990377,0.009623,0.290433,0.709567,0.43273,0.56727,14.0,14.0,1,1,cfb-week1-v7-game-lock-2026-08-30,0.039607,0.037914,-0.11314,0.0369,0.441875,0.420467,0.431546,0.424778,6.247452,5.983752,5.143995,5.571344,2.152727,1.974051,1.558069,1.795505,0.586318,0.711318,0.570701,0.487368,0.064307,0.026515,0.264635,0.330114,0,,CURRENT_LINE_MISSING,,,,,,,,0,,DEFERRED_TO_FILTER,,,,,,,,,0,,DEFERRED_TO_FILTER,52.5,,,,,,,,0,,,,,,,,0,,,,,,,,1,-40.5,-115.0,0.290433,0.5108342361863489,-0.22040123618634894,-0.4570165652173914,0.0,0.0,1,40.5,-105.0,0.709567,0.4891657638136511,0.22040123618634883,0.3853450952380951,0.4046123499999999,0.05,1,52.5,-105.0,0.43273,0.4891657638136511,-0.05643576381365112,-0.15514619047619044,0.0,0.0,1,52.5,-115.0,0.56727,0.5108342361863489,0.05643576381365112,0.06054826086956522,0.06963050000000001,0.05,ESPN BET,1
2025,2,3,401752707,2025-09-13,19:30,Texas A&M Aggies,Notre Dame Fighting Irish,0,Notre Dame Stadium,open_air,Artificial,draftkings,-7.5,48.5,0,0,1,2.5,87,245,1,2,0,0,0.6944,8.0343,-4.8399,,,,1,1,91.516,0.71211,0.28789,,5.636,-5.636,5.636,7.5,0.5,0.0,0.2778,0.2222,0,0,0,0,0,0,0.0,0.0,0.0,0,,,,,,,,0,0.0,4.24,45.3326,48.5,0.75,0.25,0,0,,,,,,,0,0.0,47.7081,4.24,47.71,25.97,21.73,0.619001,0.380999,0.407937,0.592063,0.477448,0.522552,14.0,14.0,1,1,cfb-week1-v7-game-lock-2026-08-30,0.017148,0.058053,0.056685,-0.004017,0.446751,0.462028,0.468425,0.388585,5.696335,6.172627,5.510872,5.320099,1.936555,2.014916,2.193384,1.739074,0.698424,0.561318,0.594269,0.566535,-0.007712,0.09704,0.333616,0.345039,0,,DEFERRED_TO_FILTER,,,,,,,,0,,DEFERRED_TO_FILTER,,,,,,,,,0,,DEFERRED_TO_FILTER,48.5,,,,,,,,1,-290.0,0.619001,0.7165697674418604,-0.09756876744186038,-0.16755037931034478,0.0,0.0,1,240.0,0.380999,0.28343023255813954,0.09756876744186044,0.2953965999999999,0.12308191666666662,0.05,1,-7.5,-115.0,0.407937,0.5108342361863489,-0.10289723618634894,-0.23733517391304354,0.0,0.0,1,7.5,-105.0,0.592063,0.4891657638136511,0.10289723618634888,0.15593252380952383,0.16372915000000002,0.05,1,48.5,-105.0,0.477448,0.4891657638136511,-0.011717763813651139,-0.06783961904761909,0.0,0.0,1,48.5,-115.0,0.522552,0.5108342361863489,0.011717763813651083,-0.023054956521739167,0.0,0.0,ESPN BET,1
2025,2,3,401752827,2025-09-13,19:00,Ohio Bobcats,Ohio State Buckeyes,0,Ohio Stadium,open_air,Artificial,draftkings,-28.5,49.5,0,0,1,2.5,194,195,2,2,0,0,18.1069,6.7711,13.8358,,,,1,1,70.918,0.95455,0.04545,,24.57,-24.57,24.57,28.5,0.5,0.0,0.2778,0.2222,0,0,0,0,0,0,0.0,0.0,0.0,0,,,,,,,,0,0.0,24.1496,43.31,49.5,0.75,0.25,0,0,,,,,,,0,0.0,47.9525,24.15,47.95,36.05,11.9,0.957734,0.042266,0.377998,0.622002,0.455992,0.544008,14.0,14.0,1,1,cfb-week1-v7-game-lock-2026-08-30,0.147898,0.063405,-0.082321,-0.015285,0.51931,0.450047,0.408338,0.414851,6.774769,6.00615,5.022588,5.591709,2.688582,1.926226,1.317116,1.600243,0.680068,0.49604,0.362368,0.362368,0.11997,0.031748,0.333545,0.32164,0,,CURRENT_LINE_MISSING,,,,,,,,0,,DEFERRED_TO_FILTER,,,,,,,,,0,,DEFERRED_TO_FILTER,49.5,,,,,,,,0,,,,,,,,0,,,,,,,,1,-28.5,-110.0,0.377998,0.5,-0.122002,-0.2783674545454545,0.0,0.0,1,28.5,-110.0,0.622002,0.5,0.12200200000000005,0.1874583636363638,0.20620420000000017,0.05,1,49.5,100.0,0.455992,0.4782608695652174,-0.022268869565217397,-0.08801600000000004,0.0,0.0,1,49.5,-120.0,0.544008,0.5217391304347826,0.022268869565217453,-0.002651999999999821,0.0,0.0,ESPN BET,1
2025,2,3,401752828,2025-09-13,11:00,Houston Christian Huskies,Nebraska Cornhuskers,0,"Memorial Stadium (Lincoln, NE)",open_air,Artificial,draftkings,-46.5,57.5,0,0,1,2.5,158,,2,0,0,1,13.7004,0.0,,,,,1,1,36.209,0.99649,0.351,,47.99,-47.99,47.99,46.5,0.6429,0.0,0.3571,0.0,0,0,0,0,0,0,0.0,0.0,0.0,0,,,,,,,,0,0.0,47.0321,47.7184,57.5,0.75,0.25,0,0,,,,,,,0,0.0,55.0546,47.03,55.05,51.04,4.01,0.999609,0.000391,0.51516,0.48484,0.430669,0.569331,14.0,14.0,1,1,cfb-week1-v7-game-lock-2026-08-30,0.178207,0.015935,0.012625,0.055624,0.494352,0.431299,0.433529,0.4475,6.673805,5.640036,5.28042,5.900129,2.568487,1.880616,1.757592,2.092155,0.640485,0.548056,0.501257,0.5614,0.12709,0.004445,0.416879,0.332326,0,,CURRENT_LINE_MISSING,,,,,,,,0,,DEFERRED_TO_FILTER,,,,,,,,,0,,DEFERRED_TO_FILTER,57.5,,,,,,,,0,,,,,,,,0,,,,,,,,1,-46.5,-110.0,0.51516,0.5,0.015159999999999951,-0.016512727272727346,0.0,0.0,1,46.5,-110.0,0.48484,0.5,-0.015160000000000007,-0.07439636363636365,0.0,0.0,1,57.5,-105.0,0.430669,0.4891657638136511,-0.0584967638136511,-0.15917004761904763,0.0,0.0,1,57.5,-115.0,0.569331,0.5108342361863489,0.0584967638136511,0.06440143478260868,0.07406164999999999,0.05,ESPN BET,1
2025,2,3,401752829,2025-09-13,18:00,Western Michigan Broncos,Illinois Fighting Illini,0,"Memorial Stadium (Champaign, IL)",open_air,Artificial,draftkings,-27.5,50.5,0,0,1,2.5,356,2711,2,2,0,0,10.5142,-3.527,16.5412,,,,1,1,60.431,0.95909,0.04091,,25.725,-25.725,25.725,27.5,0.5,0.0,0.2778,0.2222,0,0,0,0,0,0,0.0,0.0,0.0,0,,,,,,,,0,0.0,24.5717,60.1616,50.5,0.75,0.25,0,0,,,,,,,0,0.0,52.9154,24.57,52.92,38.74,14.17,0.96038,0.03962,0.417159,0.582841,0.568489,0.431511,14.0,14.0,1,1,cfb-week1-v7-game-lock-2026-08-30,0.15746,-0.001149,0.008319,0.059906,0.485585,0.415452,0.443789,0.459682,6.045732,5.120529,5.724827,6.170166,2.737138,2.603997,1.858675,3.263074,0.577985,0.534235,0.504035,0.570701,0.13705,-0.010066,0.336521,0.361323,0,,DEFERRED_TO_FILTER,,,,,,,,0,,DEFERRED_TO_FILTER,,,,,,,,,0,,DEFERRED_TO_FILTER,50.5,,,,,,,,1,-5000.0,0.96038,0.9400705052878965,0.020309494712103526,-0.020412399999999973,0.0,0.0,1,1500.0,0.03962,0.059929494712103404,-0.0203094947121034,-0.36607999999999996,0.0,0.0,1,-27.5,-110.0,0.417159,0.5,-0.082841,-0.20360554545454534,0.0,0.0,1,27.5,-110.0,0.582841,0.5,0.08284100000000005,0.11269645454545474,0.1239661000000002,0.05,1,50.5,-115.0,0.568489,0.5108342361863489,0.05765476381365109,0.0628272608695652,0.07225134999999998,0.05,1,50.5,-105.0,0.431511,0.4891657638136511,-0.057654763813651144,-0.15752614285714295,0.0,0.0,ESPN BET,1
2025,2,3,401752830,2025-09-13,18:30,Massachusetts Minutemen,Iowa Hawkeyes,0,Kinnick Stadium,open_air,Artificial,draftkings,-35.5,44.5,0,0,1,2.5,2294,113,2,2,0,0,2.9423,-7.1403,12.5826,,,,1,1,47.05,0.98072,0.01928,,32.823,-32.823,32.823,35.5,0.5,0.0,0.2778,0.2222,0,0,0,0,0,0,0.0,0.0,0.0,0,,,,,,,,0,0.0,29.6636,44.2898,44.5,0.75,0.25,0,0,,,,,,,0,0.0,44.4475,29.66,44.45,37.06,7.39,0.982948,0.017052,0.338382,0.661618,0.498503,0.501497,14.0,14.0,1,1,cfb-week1-v7-game-lock-2026-08-30,0.002512,-0.031022,0.045168,0.138332,0.455848,0.409824,0.42826,0.462598,5.345977,5.507737,5.427464,6.291321,1.96238,1.547654,1.766909,2.425633,0.532152,0.436318,0.549868,0.612368,-0.032474,-0.065174,0.385794,0.342203,0,,CURRENT_LINE_MISSING,,,,,,,,0,,DEFERRED_TO_FILTER,,,,,,,,,0,,DEFERRED_TO_FILTER,44.5,,,,,,,,0,,,,,,,,0,,,,,,,,1,-35.5,100.0,0.338382,0.4782608695652174,-0.1398788695652174,-0.323236,0.0,0.0,1,35.5,-120.0,0.661618,0.5217391304347826,0.13987886956521745,0.21296633333333348,0.2555596000000001,0.05,1,44.5,-105.0,0.498503,0.4891657638136511,0.009337236186348852,-0.026732238095238225,0.0,0.0,1,44.5,-115.0,0.501497,0.5108342361863489,-0.009337236186348963,-0.06241865217391318,0.0,0.0,ESPN BET,1
2025,2,3,401752831,2025-09-13,11:00,Oregon Ducks,Northwestern Wildcats,0,Ryan Field,open_air,Grass,draftkings,24.5,50.5,0,0,1,2.5,77,2483,2,2,0,0,5.8699,15.4073,-7.0374,,,,1,1,81.728,0.05245,0.94755,,-23.24,23.24,-23.24,-24.5,0.5,0.0,0.2778,0.2222,0,0,0,0,0,0,0.0,0.0,0.0,0,,,,,,,,0,0.0,-20.2694,42.7162,50.5,0.75,0.25,0,0,,,,,,,0,0.0,48.5541,-20.27,48.55,14.14,34.41,0.073834,0.926166,0.618744,0.381256,0.444727,0.555273,14.0,14.0,1,1,cfb-week1-v7-game-lock-2026-08-30,0.002344,0.154423,-0.061461,-0.034314,0.440127,0.468192,0.409196,0.410379,5.993688,6.933292,5.28311,5.34331,1.875493,2.584846,1.454479,1.514094,0.436318,0.682909,0.570701,0.432881,-0.032281,0.164504,0.320502,0.38427,0,,DEFERRED_TO_FILTER,,,,,,,,0,,DEFERRED_TO_FILTER,,,,,,,,,0,,DEFERRED_TO_FILTER,50.5,,,,,,,,1,1100.0,0.073834,0.07975460122699388,-0.00592060122699388,-0.1139920000000001,0.0,0.0,1,-2500.0,0.926166,0.9202453987730062,0.0059206012269938935,-0.03678735999999992,0.0,0.0,1,24.5,-120.0,0.618744,0.5217391304347826,0.09700486956521737,0.13436400000000004,0.1612368,0.05,1,-24.5,100.0,0.381256,0.4782608695652174,-0.09700486956521742,-0.23748799999999998,0.0,0.0,1,50.5,-110.0,0.444727,0.5,-0.05527300000000002,-0.1509757272727273,0.0,0.0,1,50.5,-110.0,0.555273,0.5,0.05527300000000002,0.060066636363636405,0.06607330000000004,0.05,ESPN BET,1
2025,2,3,401752832,2025-09-13,18:45,USC Trojans,Purdue Boilermakers,0,Ross-Ade Stadium,open_air,Grass,draftkings,20.5,59.5,0,0,1,2.5,2509,30,2,2,0,0,13.2935,17.9437,-2.1502,,,,1,1,66.76,0.07196,0.92804,,-20.132,20.132,-20.132,-20.5,0.5,0.0,0.2778,0.2222,0,0,0,0,0,0,0.0,0.0,0.0,0,,,,,,,,0,0.0,-16.32,51.9128,59.5,0.75,0.25,0,0,,,,,,,0,0.0,57.6032,-16.32,57.6,20.64,36.96,0.121864,0.878136,0.617365,0.382635,0.446114,0.553886,14.0,14.0,1,1,cfb-week1-v7-game-lock-2026-08-30,0.144246,0.258338,0.010108,0.032434,0.495151,0.513794,0.436667,0.432616,6.041988,7.949385,5.306592,5.519783,2.876027,2.846647,1.503624,1.802006,0.573818,0.640485,0.445701,0.591535,0.107699,0.219036,0.377918,0.424189,0,,DEFERRED_TO_FILTER,,,,,,,,0,,DEFERRED_TO_FILTER,,,,,,,,,0,,DEFERRED_TO_FILTER,59.5,,,,,,,,1,900.0,0.121864,0.09547738693467338,0.026386613065326622,0.21863999999999995,0.024293333333333327,0.024293333333333327,1,-1800.0,0.878136,0.9045226130653267,-0.026386613065326636,-0.07307866666666663,0.0,0.0,1,20.5,-105.0,0.617365,0.4891657638136511,0.12819923618634893,0.2053316666666667,0.21559825000000005,0.05,1,-20.5,-115.0,0.382635,0.5108342361863489,-0.12819923618634893,-0.28463891304347827,0.0,0.0,1,59.5,100.0,0.446114,0.4782608695652174,-0.032146869565217395,-0.10777199999999998,0.0,0.0,1,59.5,-120.0,0.553886,0.5217391304347826,0.032146869565217395,0.015457666666666703,0.01854920000000004,0.01854920000000004,ESPN BET,1
2025,2,3,401752833,2025-09-13,15:30,Norfolk State Spartans,Rutgers Scarlet Knights,0,SHI Stadium,open_air,Artificial,draftkings,-45.5,55.5,0,0,1,2.5,164,,2,0,0,1,3.2649,0.0,,,,,1,1,31.451,0.99755,0.245,,51.195,-51.195,51.195,45.5,0.6429,0.0,0.3571,0.0,0,0,0,0,0,0,0.0,0.0,0.0,0,,,,,,,,0,0.0,47.5339,52.474,55.5,0.75,0.25,0,0,,,,,,,0,0.0,54.7435,47.53,54.74,51.14,3.6,0.999657,0.000343,0.557755,0.442245,0.478453,0.521547,14.0,14.0,1,1,cfb-week1-v7-game-lock-2026-08-30,0.178914,0.015935,0.156916,0.055624,0.478006,0.431299,0.461928,0.4475,5.929924,5.640036,7.076183,5.900129,2.764916,1.880616,2.38822,2.092155,0.559533,0.548056,0.570701,0.5614,0.10588,0.004445,0.341879,0.332326,0,,CURRENT_LINE_MISSING,,,,,,,,0,,DEFERRED_TO_FILTER,,,,,,,,,0,,DEFERRED_TO_FILTER,55.5,,,,,,,,0,,,,,,,,0,,,,,,,,1,-45.5,100.0,0.557755,0.4782608695652174,0.0794941304347826,0.11551,0.11551,0.05,1,45.5,-120.0,0.442245,0.5217391304347826,-0.0794941304347826,-0.18921749999999993,0.0,0.0,1,55.5,-115.0,0.478453,0.5108342361863489,-0.032381236186348916,-0.1055009130434783,0.0,0.0,1,55.5,-105.0,0.521547,0.4891657638136511,0.03238123618634886,0.01825842857142851,0.019171349999999934,0.019171349999999934,ESPN BET,1
2025,2,3,401752834,2025-09-13,15:30,Youngstown State Penguins,Michigan State Spartans,0,Spartan Stadium,open_air,Grass,draftkings,-27.5,56.5,0,0,1,2.5,127,,2,0,0,1,7.7377,0.0,,,,,1,1,34.6,0.94764,0.05236,,23.168,-23.168,23.168,27.5,0.6429,0.0,0.3571,0.0,0,0,0,0,0,0,0.0,0.0,0.0,0,,,,,,,,0,0.0,25.9529,45.1488,56.5,0.75,0.25,0,0,,,,,,,0,0.0,53.6622,25.95,53.66,39.81,13.85,0.968114,0.031886,0.456002,0.543998,0.419685,0.580315,14.0,14.0,1,1,cfb-week1-v7-game-lock-2026-08-30,0.127601,0.015935,0.043779,0.055624,0.454142,0.431299,0.423751,0.4475,5.688636,5.640036,5.502113,5.900129,2.259559,1.880616,1.619637,2.092155,0.611318,0.548056,0.435285,0.5614,0.026168,0.004445,0.339498,0.332326,0,,DEFERRED_TO_FILTER,,,,,,,,0,,DEFERRED_TO_FILTER,,,,,,,,,0,,DEFERRED_TO_FILTER,56.5,,,,,,,,1,-4000.0,0.968114,0.9317803660565723,0.0363336339434277,-0.007683150000000055,0.0,0.0,1,1300.0,0.031886,0.0682196339434276,-0.036333633943427604,-0.5535960000000001,0.0,0.0,1,-27.5,-110.0,0.456002,0.5,-0.04399799999999998,-0.12945072727272722,0.0,0.0,1,27.5,-110.0,0.543998,0.5,0.04399799999999998,0.03854163636363639,0.042395800000000025,0.042395800000000025,1,56.5,-115.0,0.419685,0.5108342361863489,-0.09114923618634896,-0.21537152173913054,0.0,0.0,1,56.5,-105.0,0.580315,0.4891657638136511,0.0911492361863489,0.1329959523809524,0.13964575000000004,0.05,ESPN BET,1
2025,2,3,401752835,2025-09-13,15:30,Villanova Wildcats,Penn State Nittany Lions,0,Beaver Stadium,open_air,Grass,draftkings,-47.5,56.5,0,0,1,2.5,213,,2,0,0,1,11.0037,0.0,,,,,1,1,52.169,0.99519,0.481,,45.074,-45.074,45.074,47.5,0.6429,0.0,0.3571,0.0,0,0,0,0,0,0,0.0,0.0,0.0,0,,,,,,,,0,0.0,46.6336,43.654,56.5,0.75,0.25,0,0,,,,,,,0,0.0,53.2885,46.63,53.29,49.96,3.33,0.999567,0.000433,0.475326,0.524674,0.409282,0.590718,14.0,14.0,1,1,cfb-week1-v7-game-lock-2026-08-30,0.047327,0.015935,-0.085899,0.055624,0.451879,0.431299,0.424635,0.4475,5.782248,5.640036,5.11823,5.900129,2.369083,1.880616,1.250152,2.092155,0.537707,0.548056,0.379035,0.5614,0.047214,0.004445,0.346566,0.332326,0,,CURRENT_LINE_MISSING,,,,,,,,0,,DEFERRED_TO_FILTER,,,,,,,,,0,,DEFERRED_TO_FILTER,56.5,,,,,,,,0,,,,,,,,0,,,,,,,,1,-47.5,-115.0,0.475326,0.5108342361863489,-0.03550823618634891,-0.11134704347826091,0.0,0.0,1,47.5,-105.0,0.524674,0.4891657638136511,0.03550823618634885,0.024363523809523724,0.025581699999999912,0.025581699999999912,1,56.5,-115.0,0.409282,0.5108342361863489,-0.10155223618634895,-0.2348206086956523,0.0,0.0,1,56.5,-105.0,0.590718,0.4891657638136511,0.10155223618634884,0.1533065714285713,0.16097189999999986,0.05,ESPN BET,1
2025,2,3,401752838,2025-09-13,12:00,Towson Tigers,Maryland Terrapins,0,SECU Stadium,open_air,Artificial,draftkings,-28.5,53.5,0,0,1,2.5,120,,2,0,0,1,7.8639,0.0,,,,,1,1,28.39,0.96421,0.03579,,26.967,-26.967,26.967,28.5,0.6429,0.0,0.3571,0.0,0,0,0,0,0,0,0.0,0.0,0.0,0,,,,,,,,0,0.0,27.9525,41.4809,53.5,0.75,0.25,0,0,,,,,,,0,0.0,50.4952,27.95,50.5,39.22,11.27,0.977066,0.022934,0.484402,0.515598,0.415029,0.584971,14.0,14.0,1,1,cfb-week1-v7-game-lock-2026-08-30,-0.011111,0.015935,-0.102542,0.055624,0.413175,0.431299,0.384651,0.4475,5.573011,5.640036,5.027673,5.900129,1.902416,1.880616,1.338889,2.092155,0.440485,0.548056,0.279035,0.5614,0.020732,0.004445,0.323741,0.332326,0,,DEFERRED_TO_FILTER,,,,,,,,0,,DEFERRED_TO_FILTER,,,,,,,,,0,,DEFERRED_TO_FILTER,53.5,,,,,,,,1,-7500.0,0.977066,0.9539672925499698,0.023098707450030176,-0.00990645333333326,0.0,0.0,1,2000.0,0.022934,0.04603270745003029,-0.02309870745003029,-0.518386,0.0,0.0,1,-28.5,-110.0,0.484402,0.5,-0.015598,-0.07523254545454544,0.0,0.0,1,28.5,-110.0,0.515598,0.5,0.015598,-0.015676545454545388,0.0,0.0,1,53.5,-120.0,0.415029,0.5217391304347826,-0.10671013043478261,-0.23911349999999998,0.0,0.0,1,53.5,100.0,0.584971,0.4782608695652174,0.10671013043478261,0.16994200000000004,0.16994200000000004,0.05,ESPN BET,1
2025,2,3,401752839,2025-09-13,12:00,Central Michigan Chippewas,Michigan Wolverines,0,Michigan Stadium,open_air,Artificial,draftkings,-27.5,42.5,0,0,1,2.5,130,2117,2,2,0,0,-2.8186,-8.622,8.3033,,,,1,1,54.615,0.96117,0.03883,,26.275,-26.275,26.275,27.5,0.5,0.0,0.2778,0.2222,0,0,0,0,0,0,0.0,0.0,0.0,0,,,,,,,,0,0.0,22.8938,44.6019,42.5,0.75,0.25,0,0,,,,,,,0,0.0,43.0255,22.89,43.03,32.96,10.07,0.949004,0.050996,0.371072,0.628928,0.514971,0.485029,14.0,14.0,1,1,cfb-week1-v7-game-lock-2026-08-30,-0.01966,-0.04951,0.084302,0.095516,0.407118,0.40357,0.443812,0.482002,5.656245,5.10119,5.658685,6.409518,1.809788,1.519546,2.134549,2.292976,0.440485,0.398818,0.633201,0.612368,0.00717,-0.096785,0.287117,0.288406,0,,DEFERRED_TO_FILTER,,,,,,,,0,,DEFERRED_TO_FILTER,,,,,,,,,0,,DEFERRED_TO_FILTER,42.5,,,,,,,,1,-4000.0,0.949004,0.9317803660565723,0.01722363394342763,-0.027270900000000126,0.0,0.0,1,1300.0,0.050996,0.0682196339434276,-0.017223633943427602,-0.286056,0.0,0.0,1,-27.5,-125.0,0.371072,0.5324675324675325,-0.16139553246753252,-0.33207039999999993,0.0,0.0,1,27.5,105.0,0.628928,0.4675324675324676,0.16139553246753247,0.28930239999999996,0.27552609523809524,0.05,1,42.5,-105.0,0.514971,0.4891657638136511,0.025805236186348834,0.0054195714285713015,0.005690549999999867,0.005690549999999867,1,42.5,-115.0,0.485029,0.5108342361863489,-0.025805236186348945,-0.09320665217391316,0.0,0.0,ESPN BET,1
2025,2,3,401752840,2025-09-13,19:30,Minnesota Golden Gophers,California Golden Bears,0,California Memorial Stadium,open_air,Artificial,draftkings,3.5,39.5,0,0,1,2.5,25,135,2,2,0,0,11.4108,24.1225,-10.2117,,,,1,1,49.578,0.47377,0.52623,,-0.63,0.63,-0.63,-3.5,0.5,0.0,0.2778,0.2222,0,0,0,0,0,0,0.0,0.0,0.0,0,,,,,,,,0,0.0,-4.1943,44.3429,39.5,0.75,0.25,0,0,,,,,,,0,0.0,40.7107,-4.19,40.71,18.26,22.45,0.382245,0.617755,0.480224,0.519776,0.534458,0.465542,14.0,14.0,1,1,cfb-week1-v7-game-lock-2026-08-30,0.10705,0.12117,-0.034703,-0.297613,0.484987,0.503264,0.412734,0.331065,6.188243,6.391004,5.375813,4.536762,2.236507,2.656962,1.559663,1.258675,0.630068,0.471735,0.421892,0.279035,0.113108,0.094975,0.330569,0.437712,0,,DEFERRED_TO_FILTER,,,,,,,,0,,DEFERRED_TO_FILTER,,,,,,,,,0,,DEFERRED_TO_FILTER,39.5,,,,,,,,1,140.0,0.382245,0.4009077155824508,-0.018662715582450806,-0.08261200000000013,0.0,0.0,1,-165.0,0.617755,0.5990922844175491,0.018662715582450917,-0.007848030303030273,0.0,0.0,1,3.5,-125.0,0.480224,0.5324675324675325,-0.05224353246753255,-0.13559680000000002,0.0,0.0,1,-3.5,105.0,0.519776,0.4675324675324676,0.05224353246753244,0.06554079999999995,0.06241980952380949,0.05,1,39.5,-120.0,0.534458,0.5217391304347826,0.012718869565217394,-0.02016033333333328,0.0,0.0,1,39.5,100.0,0.465542,0.4782608695652174,-0.012718869565217394,-0.06891599999999998,0.0,0.0,ESPN BET,1
2025,2,3,401752938,2025-09-13,14:30,Oregon State Beavers,Texas Tech Red Raiders,0,Jones AT&T Stadium,open_air,Artificial,draftkings,-23.5,61.5,0,0,1,2.5,2641,204,2,2,0,0,15.6436,-0.8851,19.0288,,,,1,1,57.032,0.93612,0.06388,,21.105,-21.105,21.105,23.5,0.5,0.0,0.2778,0.2222,0,0,0,0,0,0,0.0,0.0,0.0,0,,,,,,,,0,0.0,21.8411,44.7638,61.5,0.75,0.25,0,0,,,,,,,0,0.0,57.3159,21.84,57.32,39.58,17.74,0.940629,0.059371,0.452839,0.547161,0.382523,0.617477,14.0,14.0,1,1,cfb-week1-v7-game-lock-2026-08-30,0.100964,0.000561,-0.116315,0.072367,0.475136,0.449172,0.374387,0.44818,6.516887,6.10797,5.056493,6.290808,2.492892,1.543762,1.485889,2.262463,0.583342,0.565485,0.600463,0.466535,0.102967,-0.008486,0.406462,0.382119,0,,DEFERRED_TO_FILTER,,,,,,,,0,,DEFERRED_TO_FILTER,,,,,,,,,0,,DEFERRED_TO_FILTER,61.5,,,,,,,,1,-2500.0,0.940629,0.9202453987730062,0.020383601226993897,-0.02174583999999992,0.0,0.0,1,1100.0,0.059371,0.07975460122699388,-0.020383601226993876,-0.287548,0.0,0.0,1,-23.5,-115.0,0.452839,0.5108342361863489,-0.05799523618634894,-0.1533879565217392,0.0,0.0,1,23.5,-105.0,0.547161,0.4891657638136511,0.057995236186348886,0.06826671428571429,0.07168005000000001,0.05,1,61.5,-115.0,0.382523,0.5108342361863489,-0.12831123618634893,-0.2848483043478262,0.0,0.0,1,61.5,-105.0,0.617477,0.4891657638136511,0.12831123618634893,0.2055503333333334,0.21582785000000007,0.05,ESPN BET,1
2025,2,3,401752949,2025-09-13,14:30,Washington State Cougars,North Texas Mean Green,0,DATCU Stadium,open_air,Artificial,draftkings,-6.5,58.5,0,0,1,2.5,249,265,2,2,0,0,8.1816,6.022,4.6596,,,,1,1,61.189,0.59358,0.40642,,2.161,-2.161,2.161,6.5,0.5,0.0,0.2778,0.2222,0,0,0,0,0,0,0.0,0.0,0.0,0,,,,,,,,0,0.0,4.8857,57.6167,58.5,0.75,0.25,0,0,,,,,,,0,0.0,58.2792,4.89,58.28,31.58,26.7,0.636448,0.363552,0.454102,0.545898,0.493708,0.506292,14.0,14.0,1,1,cfb-week1-v7-game-lock-2026-08-30,0.092758,0.018103,0.026229,-0.058535,0.452316,0.42853,0.442726,0.423936,6.111712,5.68853,5.256143,5.172556,3.611507,2.07879,2.768381,1.561622,0.599576,0.579374,0.654035,0.629035,0.038781,0.032841,0.369093,0.309035,0,,DEFERRED_TO_FILTER,,,,,,,,0,,DEFERRED_TO_FILTER,,,,,,,,,0,,DEFERRED_TO_FILTER,58.5,,,,,,,,1,-270.0,0.636448,0.700162074554295,-0.06371407455429501,-0.1278305185185186,0.0,0.0,1,220.0,0.363552,0.299837925445705,0.06371407455429501,0.16336640000000002,0.07425745454545454,0.05,1,-6.5,-125.0,0.454102,0.5324675324675325,-0.07836553246753253,-0.18261639999999996,0.0,0.0,1,6.5,105.0,0.545898,0.4675324675324676,0.07836553246753242,0.11909089999999989,0.11341990476190468,0.05,1,58.5,100.0,0.493708,0.4782608695652174,0.015447130434782574,-0.012583999999999984,0.0,0.0,1,58.5,-120.0,0.506292,0.5217391304347826,-0.01544713043478263,-0.07179799999999997,0.0,0.0,ESPN BET,1
2025,2,3,401754533,2025-09-13,19:30,Boston College Eagles,Stanford Cardinal,0,Stanford Stadium,open_air,Grass,draftkings,13.5,46.5,0,0,1,2.5,24,103,2,2,0,0,-5.4741,11.6306,-14.6047,,,,1,1,41.727,0.3936,0.6064,,-2.58,2.58,-2.58,-13.5,0.5,0.0,0.2778,0.2222,0,0,0,0,0,0,0.0,0.0,0.0,0,,,,,,,,0,0.0,-10.7122,45.0711,46.5,0.75,0.25,0,0,,,,,,,0,0.0,46.1428,-10.71,46.14,17.72,28.43,0.22209,0.77791,0.57892,0.42108,0.489821,0.510179,14.0,14.0,1,1,cfb-week1-v7-game-lock-2026-08-30,-0.09188,0.192514,0.030887,0.067722,0.40169,0.47699,0.446581,0.406038,4.874045,6.249029,5.530434,5.163792,1.345598,2.540651,2.054129,1.898069,0.336318,0.680068,0.529035,0.679035,-0.074023,0.170276,0.336919,0.387838,0,,DEFERRED_TO_FILTER,,,,,,,,0,,DEFERRED_TO_FILTER,,,,,,,,,0,,DEFERRED_TO_FILTER,46.5,,,,,,,,1,450.0,0.22209,0.17204301075268816,0.05004698924731185,0.2214950000000001,0.04922111111111113,0.04922111111111113,1,-700.0,0.77791,0.8279569892473118,-0.05004698924731177,-0.11096000000000006,0.0,0.0,1,13.5,100.0,0.57892,0.4782608695652174,0.10065913043478258,0.15783999999999998,0.15783999999999998,0.05,1,-13.5,-120.0,0.42108,0.5217391304347826,-0.10065913043478258,-0.22801999999999994,0.0,0.0,1,46.5,-105.0,0.489821,0.4891657638136511,0.0006552361863488843,-0.043682809523809485,0.0,0.0,1,46.5,-115.0,0.510179,0.5108342361863489,-0.0006552361863488843,-0.04618708695652174,0.0,0.0,ESPN BET,1
2025,2,3,401754534,2025-09-13,19:00,Duke Blue Devils,Tulane Green Wave,0,Yulman Stadium,open_air,Artificial,draftkings,1.5,53.5,0,0,1,2.5,2655,150,2,2,0,0,1.4957,3.3176,0.6781,,,,1,1,61.98,0.72312,0.27688,,6.071,-6.071,6.071,-1.5,0.5,0.0,0.2778,0.2222,0,0,0,0,0,0,0.0,0.0,0.0,0,,,,,,,,0,0.0,1.0871,47.9374,53.5,0.75,0.25,0,0,,,,,,,0,0.0,52.1094,1.09,52.11,26.6,25.51,0.530946,0.469054,0.573304,0.426696,0.460438,0.539562,14.0,14.0,1,1,cfb-week1-v7-game-lock-2026-08-30,0.051468,0.092776,0.057888,0.110232,0.458763,0.475074,0.467858,0.444147,5.828757,6.447167,6.107248,6.014479,1.811791,2.196647,1.951274,2.377235,0.511318,0.580636,0.560285,0.621892,0.038451,0.091328,0.368034,0.353417,0,,DEFERRED_TO_FILTER,,,,,,,,0,,DEFERRED_TO_FILTER,,,,,,,,,0,,DEFERRED_TO_FILTER,53.5,,,,,,,,1,-110.0,0.530946,0.5,0.03094600000000003,0.013624181818181924,0.014986600000000115,0.014986600000000115,1,-110.0,0.469054,0.5,-0.030945999999999974,-0.10453327272727259,0.0,0.0,1,1.5,-125.0,0.573304,0.5324675324675325,0.0408364675324675,0.031947200000000064,0.03993400000000008,0.03993400000000008,1,-1.5,105.0,0.426696,0.4675324675324676,-0.04083646753246756,-0.12527320000000008,0.0,0.0,1,53.5,-115.0,0.460438,0.5108342361863489,-0.05039623618634892,-0.13918113043478264,0.0,0.0,1,53.5,-105.0,0.539562,0.4891657638136511,0.050396236186348864,0.05343057142857133,0.0561020999999999,0.05,ESPN BET,1
2025,2,3,401754535,2025-09-13,16:30,South Florida Bulls,Miami Hurricanes,0,Hard Rock Stadium,open_air,Artificial,draftkings,-17.5,56.5,0,0,1,2.5,2390,58,2,2,0,0,16.3353,0.8713,17.964,,,,1,1,84.454,0.72144,0.27856,,6.066,-6.066,6.066,17.5,0.5,0.0,0.2778,0.2222,0,0,0,0,0,0,0.0,0.0,0.0,0,,,,,,,,0,0.0,14.427,41.965,56.5,0.75,0.25,0,0,,,,,,,0,0.0,52.8662,14.43,52.87,33.65,19.22,0.848612,0.151388,0.41313,0.58687,0.397604,0.602396,14.0,14.0,1,1,cfb-week1-v7-game-lock-2026-08-30,0.149974,-0.002892,-0.076025,0.003304,0.49934,0.414976,0.412486,0.44169,6.213156,5.859149,5.305979,5.622504,2.616479,1.542215,1.421126,1.718439,0.607152,0.430961,0.395701,0.424868,0.13386,-0.040644,0.41926,0.317584,0,,DEFERRED_TO_FILTER,,,,,,,,0,,DEFERRED_TO_FILTER,,,,,,,,,0,,DEFERRED_TO_FILTER,56.5,,,,,,,,1,-800.0,0.848612,0.8421052631578947,0.006506736842105343,-0.04531149999999996,0.0,0.0,1,500.0,0.151388,0.15789473684210525,-0.00650673684210526,-0.09167200000000009,0.0,0.0,1,-17.5,105.0,0.41313,0.4675324675324676,-0.05440246753246758,-0.1530835000000001,0.0,0.0,1,17.5,-125.0,0.58687,0.5324675324675325,0.05440246753246747,0.05636600000000003,0.07045750000000003,0.05,1,56.5,-110.0,0.397604,0.5,-0.10239599999999999,-0.2409378181818181,0.0,0.0,1,56.5,-110.0,0.602396,0.5,0.10239600000000004,0.15002872727272742,0.16503160000000014,0.05,ESPN BET,1
2025,2,3,401754536,2025-09-13,19:00,Old Dominion Monarchs,Virginia Tech Hokies,0,Lane Stadium,open_air,Grass,draftkings,-5.5,50.5,0,0,1,2.5,259,295,2,2,0,0,-8.1125,10.7687,-16.3812,,,,1,1,55.402,0.64515,0.35485,,3.53,-3.53,3.53,5.5,0.5,0.0,0.2778,0.2222,0,0,0,0,0,0,0.0,0.0,0.0,0,,,,,,,,0,0.0,0.0903,44.212,50.5,0.75,0.25,0,0,,,,,,,0,0.0,48.928,0.09,48.93,24.51,24.42,0.502573,0.497427,0.349597,0.650403,0.455298,0.544702,14.0,14.0,1,1,cfb-week1-v7-game-lock-2026-08-30,-0.006937,0.080432,0.222038,-0.071743,0.450119,0.442052,0.481821,0.429874,5.219386,6.624926,6.793279,5.435404,1.656962,2.220273,2.406402,1.405407,0.398818,0.573818,0.604035,0.329035,-0.020843,0.050926,0.365597,0.317262,0,,DEFERRED_TO_FILTER,,,,,,,,0,,DEFERRED_TO_FILTER,,,,,,,,,0,,DEFERRED_TO_FILTER,50.5,,,,,,,,1,-225.0,0.502573,0.6675191815856777,-0.16494618158567764,-0.2740612222222222,0.0,0.0,1,190.0,0.497427,0.33248081841432225,0.16494618158567775,0.44253830000000005,0.23291489473684215,0.05,1,-5.5,-115.0,0.349597,0.5108342361863489,-0.16123723618634894,-0.3464056086956523,0.0,0.0,1,5.5,-105.0,0.650403,0.4891657638136511,0.16123723618634883,0.2698344285714285,0.2833261499999999,0.05,1,50.5,-120.0,0.455298,0.5217391304347826,-0.06644113043478261,-0.16528699999999996,0.0,0.0,1,50.5,100.0,0.544702,0.4782608695652174,0.06644113043478261,0.08940400000000004,0.08940400000000004,0.05,ESPN BET,1
2025,2,3,401754615,2025-09-13,14:30,SMU Mustangs,Missouri State Bears,0,Plaster Sports Complex,open_air,Artificial,draftkings,28.5,59.5,0,0,1,2.5,2623,2567,2,2,0,0,-1.2026,4.2433,-2.9459,,,,1,1,52.746,0.06657,0.93343,,-21.05,21.05,-21.05,-28.5,0.5,0.0,0.2778,0.2222,0,0,0,0,0,0,0.0,0.0,0.0,0,,,,,,,,0,0.0,-20.7519,47.9272,59.5,0.75,0.25,0,0,,,,,,,0,0.0,56.6068,-20.75,56.61,17.93,38.68,0.069133,0.930867,0.710018,0.289982,0.418139,0.581861,14.0,14.0,1,1,cfb-week1-v7-game-lock-2026-08-30,0.06409,0.109331,0.102317,0.078136,0.423419,0.468821,0.445482,0.461455,6.272931,6.334658,6.473817,6.088515,1.632972,2.224737,2.284378,2.193083,0.607152,0.607152,0.544186,0.487368,-0.019768,0.064381,0.344465,0.332788,0,,DEFERRED_TO_FILTER,,,,,,,,0,,DEFERRED_TO_FILTER,,,,,,,,,0,,DEFERRED_TO_FILTER,59.5,,,,,,,,1,1800.0,0.069133,0.050791007493755196,0.018341992506244804,0.313527,0.017418166666666665,0.017418166666666665,1,-6000.0,0.930867,0.9492089925062448,-0.018341992506244797,-0.053618550000000056,0.0,0.0,1,28.5,-110.0,0.710018,0.5,0.21001800000000004,0.35548890909090924,0.39103780000000016,0.05,1,-28.5,-110.0,0.289982,0.5,-0.21001799999999998,-0.446398,0.0,0.0,1,59.5,-115.0,0.418139,0.5108342361863489,-0.09269523618634895,-0.21826186956521743,0.0,0.0,1,59.5,-105.0,0.581861,0.4891657638136511,0.09269523618634884,0.13601433333333324,0.14281504999999992,0.05,ESPN BET,1
2025,2,3,401754619,2025-09-13,12:00,William & Mary Tribe,Virginia Cavaliers,0,Scott Stadium,open_air,Grass,draftkings,-29.5,52.5,0,0,1,2.5,258,,2,0,0,1,3.4426,0.0,,,,,1,1,38.987,0.9742,0.0258,,30.021,-30.021,30.021,29.5,0.6429,0.0,0.3571,0.0,0,0,0,0,0,0,0.0,0.0,0.0,0,,,,,,,,0,0.0,29.6861,46.8263,52.5,0.75,0.25,0,0,,,,,,,0,0.0,51.0816,29.69,51.08,40.38,10.7,0.983015,0.016985,0.505302,0.494698,0.45965,0.54035,14.0,14.0,1,1,cfb-week1-v7-game-lock-2026-08-30,0.104167,0.015935,0.090288,0.055624,0.437475,0.431299,0.455083,0.4475,5.88663,5.640036,6.020042,5.900129,2.227416,1.880616,1.943523,2.092155,0.540485,0.548056,0.695701,0.5614,-0.035951,0.004445,0.452822,0.332326,0,,DEFERRED_TO_FILTER,,,,,,,,0,,DEFERRED_TO_FILTER,,,,,,,,,0,,DEFERRED_TO_FILTER,52.5,,,,,,,,1,-10000.0,0.983015,0.9626064420584968,0.020408557941503203,-0.00715485000000002,0.0,0.0,1,2500.0,0.016985,0.03739355794150315,-0.020408557941503147,-0.5583899999999999,0.0,0.0,1,-29.5,-115.0,0.505302,0.5108342361863489,-0.0055322361863489045,-0.05530495652173917,0.0,0.0,1,29.5,-105.0,0.494698,0.4891657638136511,0.0055322361863489045,-0.034161047619047535,0.0,0.0,1,52.5,-105.0,0.45965,0.4891657638136511,-0.02951576381365112,-0.10258809523809526,0.0,0.0,1,52.5,-115.0,0.54035,0.5108342361863489,0.029515763813651064,0.010219565217391202,0.011752499999999885,0.011752499999999885,ESPN BET,1
2025,2,3,401754623,2025-09-13,12:00,Clemson Tigers,Georgia Tech Yellow Jackets,0,Bobby Dodd Stadium,open_air,Artificial,draftkings,2.5,49.5,0,0,1,2.5,59,228,1,2,0,0,4.8789,0.9098,6.4691,,,,1,1,69.724,0.55112,0.44888,,1.039,-1.039,1.039,-2.5,0.5,0.0,0.2778,0.2222,0,0,0,0,0,0,0.0,0.0,0.0,0,,,,,,,,0,0.0,0.4762,41.8359,49.5,0.75,0.25,0,0,,,,,,,0,0.0,47.584,0.48,47.58,24.03,23.55,0.513567,0.486433,0.584175,0.415825,0.445571,0.554429,14.0,14.0,1,1,cfb-week1-v7-game-lock-2026-08-30,0.11532,-0.054094,0.080422,-0.015255,0.476035,0.42659,0.469079,0.439538,5.986618,5.419933,5.9545,5.422388,2.069888,1.615295,1.90298,1.687652,0.513239,0.482152,0.462955,0.429035,0.087851,-0.054032,0.381235,0.342474,0,,DEFERRED_TO_FILTER,,,,,,,,0,,DEFERRED_TO_FILTER,,,,,,,,,0,,DEFERRED_TO_FILTER,49.5,,,,,,,,1,130.0,0.513567,0.4201680672268907,0.09339893277310929,0.18120409999999987,0.13938776923076915,0.05,1,-150.0,0.486433,0.5798319327731092,-0.09339893277310918,-0.18927833333333338,0.0,0.0,1,2.5,110.0,0.584175,0.4572564612326044,0.12691853876739562,0.2267675,0.2061522727272727,0.05,1,-2.5,-130.0,0.415825,0.5427435387673957,-0.12691853876739567,-0.2643096153846154,0.0,0.0,1,49.5,-115.0,0.445571,0.5108342361863489,-0.06526323618634894,-0.16697595652173924,0.0,0.0,1,49.5,-105.0,0.554429,0.4891657638136511,0.06526323618634883,0.08245661904761892,0.08657944999999986,0.05,ESPN BET,1
2025,2,3,401754638,2025-09-13,15:30,Pittsburgh Panthers,West Virginia Mountaineers,0,Milan Puskar Stadium,open_air,Artificial,draftkings,6.5,54.5,0,0,1,2.5,277,221,2,2,0,0,8.8976,15.0337,-3.6361,,,,1,1,55.475,0.40606,0.59394,,-2.249,2.249,-2.249,-6.5,0.5,0.0,0.2778,0.2222,0,0,0,0,0,0,0.0,0.0,0.0,0,,,,,,,,0,0.0,-4.6827,41.6735,54.5,0.75,0.25,0,0,,,,,,,0,0.0,51.2934,-4.68,51.29,23.31,27.99,0.369008,0.630992,0.551639,0.448361,0.409417,0.590583,14.0,14.0,1,1,cfb-week1-v7-game-lock-2026-08-30,-0.014599,0.106016,-0.117963,-0.068061,0.426072,0.486454,0.376136,0.375529,6.082558,6.528573,4.958304,4.871786,1.869083,2.381295,1.36161,1.635569,0.461318,0.634929,0.362368,0.445701,0.048838,0.087719,0.293502,0.402511,0,,DEFERRED_TO_FILTER,,,,,,,,0,,DEFERRED_TO_FILTER,,,,,,,,,0,,DEFERRED_TO_FILTER,54.5,,,,,,,,1,240.0,0.369008,0.28343023255813954,0.08557776744186046,0.25462719999999994,0.10609466666666664,0.05,1,-290.0,0.630992,0.7165697674418604,-0.08557776744186041,-0.1514245517241379,0.0,0.0,1,6.5,100.0,0.551639,0.4782608695652174,0.07337813043478258,0.10327799999999998,0.10327799999999998,0.05,1,-6.5,-120.0,0.448361,0.5217391304347826,-0.07337813043478258,-0.17800483333333322,0.0,0.0,1,54.5,-105.0,0.409417,0.4891657638136511,-0.07974876381365115,-0.20066204761904777,0.0,0.0,1,54.5,-115.0,0.590583,0.5108342361863489,0.07974876381365104,0.1041334347826085,0.1197534499999998,0.05,ESPN BET,1
2025,2,3,401754639,2025-09-13,15:30,Richmond Spiders,North Carolina Tar Heels,0,Kenan Stadium,open_air,Artificial,draftkings,-24.5,47.5,0,0,1,2.5,153,,2,0,0,1,-1.6657,0.0,,,,,1,1,24.646,0.93166,0.06834,,20.464,-20.464,20.464,24.5,0.6429,0.0,0.3571,0.0,0,0,0,0,0,0,0.0,0.0,0.0,0,,,,,,,,0,0.0,23.0586,43.4685,47.5,0.75,0.25,0,0,,,,,,,0,0.0,46.4921,23.06,46.49,34.78,11.72,0.950225,0.049775,0.458998,0.541002,0.471304,0.528696,14.0,14.0,1,1,cfb-week1-v7-game-lock-2026-08-30,-0.043739,0.015935,0.072919,0.055624,0.40864,0.431299,0.464631,0.4475,5.667793,5.640036,6.027756,5.900129,1.725143,1.880616,1.861822,2.092155,0.648818,0.548056,0.329035,0.5614,0.005151,0.004445,0.299021,0.332326,0,,DEFERRED_TO_FILTER,,,,,,,,0,,DEFERRED_TO_FILTER,,,,,,,,,0,,DEFERRED_TO_FILTER,47.5,,,,,,,,1,-4000.0,0.950225,0.9317803660565723,0.018444633943427657,-0.026019375000000098,0.0,0.0,1,1300.0,0.049775,0.0682196339434276,-0.018444633943427602,-0.30315000000000003,0.0,0.0,1,-24.5,-115.0,0.458998,0.5108342361863489,-0.051836236186348916,-0.14187330434782613,0.0,0.0,1,24.5,-105.0,0.541002,0.4891657638136511,0.05183623618634886,0.0562419999999999,0.0590540999999999,0.05,1,47.5,-120.0,0.471304,0.5217391304347826,-0.050435130434782594,-0.13594266666666666,0.0,0.0,1,47.5,100.0,0.528696,0.4782608695652174,0.05043513043478265,0.05739200000000011,0.05739200000000011,0.05,ESPN BET,1
2025,2,3,401756889,2025-09-13,19:30,Texas State Bobcats,Arizona State Sun Devils,0,Mountain America Stadium,open_air,Grass,draftkings,-18.5,61.5,0,0,1,2.5,9,326,2,2,0,0,2.4337,6.5318,-1.5981,,,,1,1,57.172,0.77761,0.22239,,8.456,-8.456,8.456,18.5,0.5,0.0,0.2778,0.2222,0,0,0,0,0,0,0.0,0.0,0.0,0,,,,,,,,0,0.0,11.2438,47.9487,61.5,0.75,0.25,0,0,,,,,,,0,0.0,58.1122,11.24,58.11,34.68,23.43,0.789049,0.210951,0.302124,0.697876,0.404395,0.595605,14.0,14.0,1,1,cfb-week1-v7-game-lock-2026-08-30,0.040314,0.116415,0.039007,0.0774,0.455772,0.450837,0.449883,0.427386,5.991389,6.464663,5.734318,5.914112,1.846355,2.422786,2.039735,2.030028,0.607152,0.599576,0.438126,0.591535,0.078918,0.143423,0.268069,0.337712,0,,DEFERRED_TO_FILTER,,,,,,,,0,,DEFERRED_TO_FILTER,,,,,,,,,0,,DEFERRED_TO_FILTER,61.5,,,,,,,,1,-1000.0,0.789049,0.8641975308641975,-0.07514853086419748,-0.13204609999999994,0.0,0.0,1,600.0,0.210951,0.13580246913580246,0.07514853086419754,0.476657,0.07944283333333334,0.05,1,-18.5,100.0,0.302124,0.4782608695652174,-0.1761368695652174,-0.39575199999999994,0.0,0.0,1,18.5,-120.0,0.697876,0.5217391304347826,0.17613686956521746,0.2794393333333335,0.3353272000000001,0.05,1,61.5,-105.0,0.404395,0.4891657638136511,-0.08477076381365112,-0.21046690476190472,0.0,0.0,1,61.5,-115.0,0.595605,0.5108342361863489,0.08477076381365112,0.11352239130434782,0.13055075000000002,0.05,ESPN BET,1
2025,2,3,401756890,2025-09-13,15:00,Iowa State Cyclones,Arkansas State Red Wolves,0,Centennial Bank Stadium,open_air,Artificial,draftkings,20.5,55.5,0,0,1,2.5,2032,66,2,2,0,0,-5.5237,8.6352,-11.6589,,,,1,1,50.627,0.1077,0.8923,,-16.002,16.002,-16.002,-20.5,0.5,0.0,0.2778,0.2222,0,0,0,0,0,0,0.0,0.0,0.0,0,,,,,,,,0,0.0,-17.2859,48.7792,55.5,0.75,0.25,0,0,,,,,,,0,0.0,53.8198,-17.29,53.82,18.27,35.55,0.10847,0.89153,0.590791,0.409209,0.452236,0.547764,14.0,14.0,1,1,cfb-week1-v7-game-lock-2026-08-30,0.05078,0.068187,0.210711,-0.070049,0.434506,0.450782,0.496842,0.409113,5.664397,5.470709,7.22692,5.232656,2.344724,2.035749,2.59871,1.504158,0.573818,0.510998,0.779035,0.529035,-0.017171,0.025638,0.397271,0.381371,0,,DEFERRED_TO_FILTER,,,,,,,,0,,DEFERRED_TO_FILTER,,,,,,,,,0,,DEFERRED_TO_FILTER,55.5,,,,,,,,1,1100.0,0.10847,0.07975460122699388,0.02871539877300612,0.30164,0.027421818181818183,0.027421818181818183,1,-2500.0,0.89153,0.9202453987730062,-0.028715398773006107,-0.07280879999999992,0.0,0.0,1,20.5,100.0,0.590791,0.4782608695652174,0.11253013043478255,0.1815819999999999,0.1815819999999999,0.05,1,-20.5,-120.0,0.409209,0.5217391304347826,-0.1125301304347826,-0.2497835,0.0,0.0,1,55.5,-110.0,0.452236,0.5,-0.04776399999999997,-0.1366403636363635,0.0,0.0,1,55.5,-110.0,0.547764,0.5,0.04776400000000003,0.04573127272727284,0.050304400000000124,0.05,ESPN BET,1
2025,2,3,401756891,2025-09-13,11:00,Samford Bulldogs,Baylor Bears,0,McLane Stadium,open_air,Artificial,draftkings,-52.5,64.5,0,0,1,2.5,239,,2,0,0,1,-0.9234,0.0,,,,,1,1,33.354,0.99188,0.812,,40.496,-40.496,40.496,52.5,0.6429,0.0,0.3571,0.0,0,0,0,0,0,0,0.0,0.0,0.0,0,,,,,,,,0,0.0,48.2129,52.7594,64.5,0.75,0.25,0,0,,,,,,,0,0.0,61.5648,48.21,61.56,54.89,6.68,0.999713,0.000287,0.379717,0.620283,0.416969,0.583031,14.0,14.0,1,1,cfb-week1-v7-game-lock-2026-08-30,0.136876,0.015935,0.195485,0.055624,0.448746,0.431299,0.504525,0.4475,6.238165,5.640036,6.331744,5.900129,2.417801,1.880616,2.784973,2.092155,0.498818,0.548056,0.612368,0.5614,0.144637,0.004445,0.350212,0.332326,0,,CURRENT_LINE_MISSING,,,,,,,,0,,DEFERRED_TO_FILTER,,,,,,,,,0,,DEFERRED_TO_FILTER,64.5,,,,,,,,0,,,,,,,,0,,,,,,,,1,-52.5,-115.0,0.379717,0.5108342361863489,-0.1311172361863489,-0.290094304347826,0.0,0.0,1,52.5,-105.0,0.620283,0.4891657638136511,0.1311172361863489,0.21102871428571435,0.2215801500000001,0.05,1,64.5,-110.0,0.416969,0.5,-0.08303100000000002,-0.2039682727272728,0.0,0.0,1,64.5,-110.0,0.583031,0.5,0.08303099999999997,0.11305918181818175,0.12436509999999992,0.05,ESPN BET,1
2025,2,3,401756892,2025-09-13,15:30,Northwestern State Demons,Cincinnati Bearcats,0,Nippert Stadium,open_air,Artificial,draftkings,,56.5,0,0,1,2.5,2132,,2,1,0,0,1.818,-22.3974,26.7154,,,,1,1,34.195,0.99735,0.265,,50.457,-50.457,50.457,,0.0,0.0,0.5556,0.4444,0,0,0,0,0,0,0.0,0.0,0.0,0,,,,,,,,0,0.0,39.9052,48.0776,56.5,0.75,0.25,0,0,,,,,,,0,0.0,54.3944,39.91,54.39,47.15,7.24,0.997817,0.002183,0.5,0.5,0.440225,0.559775,14.0,14.0,0,1,cfb-week1-v7-game-lock-2026-08-30,0.051226,-0.339242,0.07535,0.12848,0.449154,0.324892,0.468134,0.520901,6.201845,4.648919,5.55423,6.393708,2.037643,1.269888,2.102831,2.95096,0.711318,,0.549868,0.58038,0.03797,-0.404747,0.246424,0.289171,0,,CURRENT_LINE_MISSING,,,,,,,,0,,CURRENT_LINE_MISSING,,,,,,,,,0,,DEFERRED_TO_FILTER,56.5,,,,,,,,0,,,,,,,,0,,,,,,,,0,,,,,,,,,0,,,,,,,,,1,56.5,100.0,0.440225,0.4782608695652174,-0.03803586956521743,-0.11955000000000005,0.0,0.0,1,56.5,-120.0,0.559775,0.5217391304347826,0.03803586956521743,0.0262541666666668,0.03150500000000016,0.03150500000000016,ESPN BET,1
2025,2,3,401756894,2025-09-13,19:00,Abilene Christian Wildcats,TCU Horned Frogs,0,Amon G. Carter Stadium,open_air,Grass,draftkings,-41.5,58.5,0,0,1,2.5,2628,,1,1,0,0,6.499,-7.1037,16.1026,,,,1,1,45.45,0.98235,0.01765,,33.589,-33.589,33.589,41.5,0.5,0.0,0.2778,0.2222,0,0,0,0,0,0,0.0,0.0,0.0,0,,,,,,,,0,0.0,33.6586,46.0205,58.5,0.75,0.25,0,0,,,,,,,0,0.0,55.3801,33.66,55.38,44.52,10.86,0.991896,0.008104,0.287707,0.712293,0.411827,0.588173,14.0,14.0,1,1,cfb-week1-v7-game-lock-2026-08-30,0.108267,-0.058928,0.024028,0.122223,0.469607,0.424449,0.428989,0.470017,5.938984,5.275579,5.837758,6.172573,2.158777,1.464333,1.944647,2.435809,0.513239,0.476202,0.562523,0.538713,0.068941,-0.014735,0.382999,0.333616,0,,CURRENT_LINE_MISSING,,,,,,,,0,,DEFERRED_TO_FILTER,,,,,,,,,0,,DEFERRED_TO_FILTER,58.5,,,,,,,,0,,,,,,,,0,,,,,,,,1,-41.5,-110.0,0.287707,0.5,-0.212293,-0.45074118181818185,0.0,0.0,1,41.5,-110.0,0.712293,0.5,0.21229299999999995,0.35983209090909085,0.3958152999999999,0.05,1,58.5,-110.0,0.411827,0.5,-0.088173,-0.21378481818181821,0.0,0.0,1,58.5,-110.0,0.588173,0.5,0.08817299999999995,0.12287572727272722,0.13516329999999993,0.05,ESPN BET,1
2025,2,3,401756895,2025-09-13,18:00,Utah Utes,Wyoming Cowboys,0,War Memorial Stadium,open_air,Artificial,draftkings,24.5,47.5,0,0,1,2.5,2751,254,2,2,0,0,12.5638,20.0136,-4.9498,,,,1,1,62.096,0.08118,0.91882,,-18.829,18.829,-18.829,-24.5,0.5,0.0,0.2778,0.2222,0,0,0,0,0,0,0.0,0.0,0.0,0,,,,,,,,0,0.0,-18.5802,43.5573,47.5,0.75,0.25,0,0,,,,,,,0,0.0,46.5143,-18.58,46.51,13.97,32.55,0.092228,0.907772,0.663794,0.336206,0.471936,0.528064,14.0,14.0,1,1,cfb-week1-v7-game-lock-2026-08-30,0.061986,0.213346,-0.140185,-0.087286,0.474573,0.52449,0.393502,0.403677,5.881685,6.264338,4.441397,5.303159,1.660749,3.169083,1.177235,1.568115,0.523818,0.754587,0.404035,0.529035,0.047291,0.144554,0.341879,0.411295,0,,DEFERRED_TO_FILTER,,,,,,,,0,,DEFERRED_TO_FILTER,,,,,,,,,0,,DEFERRED_TO_FILTER,47.5,,,,,,,,1,1300.0,0.092228,0.0682196339434276,0.024008366056572403,0.2911920000000001,0.022399384615384623,0.022399384615384623,1,-4000.0,0.907772,0.9317803660565723,-0.024008366056572306,-0.06953370000000006,0.0,0.0,1,24.5,-110.0,0.663794,0.5,0.163794,0.26724309090909093,0.2939674,0.05,1,-24.5,-110.0,0.336206,0.5,-0.163794,-0.35815218181818176,0.0,0.0,1,47.5,-110.0,0.471936,0.5,-0.028063999999999978,-0.09903127272727263,0.0,0.0,1,47.5,-110.0,0.528064,0.5,0.028063999999999978,0.008122181818181806,0.008934399999999986,0.008934399999999986,ESPN BET,1
2025,2,3,401757168,2025-09-13,15:00,UConn Huskies,Delaware Blue Hens,0,Delaware Stadium,open_air,Artificial,draftkings,9.5,51.5,0,0,1,2.5,48,41,2,2,0,0,0.9513,2.6876,0.7636,,,,1,1,34.178,0.23961,0.76039,,-7.679,7.679,-7.679,-9.5,0.5,0.0,0.2778,0.2222,0,0,0,0,0,0,0.0,0.0,0.0,0,,,,,,,,0,0.0,-6.7134,45.7654,51.5,0.75,0.25,0,0,,,,,,,0,0.0,50.0663,-6.71,50.07,21.68,28.39,0.315782,0.684218,0.578887,0.421113,0.459218,0.540782,14.0,14.0,1,1,cfb-week1-v7-game-lock-2026-08-30,0.01985,0.081602,0.034078,0.093773,0.433529,0.45302,0.443163,0.466453,5.949459,6.214109,5.651357,5.80133,1.711507,2.059559,2.09309,2.095038,0.482152,0.580636,0.495701,0.549868,0.026712,0.081373,0.324286,0.329138,0,,DEFERRED_TO_FILTER,,,,,,,,0,,DEFERRED_TO_FILTER,,,,,,,,,0,,DEFERRED_TO_FILTER,51.5,,,,,,,,1,290.0,0.315782,0.24464831804281348,0.07113368195718653,0.23154980000000003,0.07984475862068967,0.05,1,-380.0,0.684218,0.7553516819571866,-0.07113368195718661,-0.13572463157894743,0.0,0.0,1,9.5,100.0,0.578887,0.4782608695652174,0.10062613043478263,0.15777400000000008,0.15777400000000008,0.05,1,-9.5,-120.0,0.421113,0.5217391304347826,-0.10062613043478258,-0.22795949999999987,0.0,0.0,1,51.5,-115.0,0.459218,0.5108342361863489,-0.05161623618634892,-0.14146200000000003,0.0,0.0,1,51.5,-105.0,0.540782,0.4891657638136511,0.05161623618634886,0.055812476190476135,0.05860309999999994,0.05,ESPN BET,1
2025,2,3,401757233,2025-09-13,20:30,Florida Atlantic Owls,Florida International Panthers,0,FIU Stadium,open_air,Artificial,draftkings,-1.5,56.5,0,0,1,2.5,2229,2226,2,2,0,0,-4.8645,5.0141,-7.3786,,,,1,1,26.065,0.47098,0.52902,,-0.774,0.774,-0.774,1.5,0.5,0.0,0.2778,0.2222,0,0,0,0,0,0,0.0,0.0,0.0,0,,,,,,,,0,0.0,-1.1047,42.7016,56.5,0.75,0.25,0,0,,,,,,,0,0.0,53.0504,-1.1,53.05,25.97,27.08,0.468554,0.531446,0.426203,0.573797,0.402686,0.597314,14.0,14.0,1,1,cfb-week1-v7-game-lock-2026-08-30,-0.053531,-0.00421,0.067606,-0.014152,0.439142,0.427311,0.446981,0.382886,5.22679,5.64848,6.04323,5.375241,1.318487,2.076191,2.332328,1.699351,0.523818,0.482152,0.508201,0.404035,-0.055337,-0.070271,0.346986,0.335907,0,,DEFERRED_TO_FILTER,,,,,,,,0,,DEFERRED_TO_FILTER,,,,,,,,,0,,DEFERRED_TO_FILTER,56.5,,,,,,,,1,-130.0,0.468554,0.5427435387673957,-0.07418953876739565,-0.17101984615384613,0.0,0.0,1,110.0,0.531446,0.4572564612326044,0.07418953876739559,0.11603660000000005,0.10548781818181821,0.05,1,-1.5,-115.0,0.426203,0.5108342361863489,-0.08463123618634893,-0.20318569565217398,0.0,0.0,1,1.5,-105.0,0.573797,0.4891657638136511,0.08463123618634888,0.12027033333333326,0.12628384999999992,0.05,1,56.5,-110.0,0.402686,0.5,-0.09731400000000001,-0.23123581818181815,0.0,0.0,1,56.5,-110.0,0.597314,0.5,0.09731400000000001,0.14032672727272733,0.15435940000000004,0.05,ESPN BET,1
2025,2,3,401757234,2025-09-13,19:00,Jacksonville State Gamecocks,Georgia Southern Eagles,0,Allen E. Paulson Stadium,open_air,Artificial,draftkings,-3.5,57.5,0,0,1,2.5,290,55,2,2,0,0,-8.6969,1.3616,-7.5584,,,,1,1,30.466,0.40766,0.59234,,-2.337,2.337,-2.337,3.5,0.5,0.0,0.2778,0.2222,0,0,0,0,0,0,0.0,0.0,0.0,0,,,,,,,,0,0.0,-0.5788,47.1531,57.5,0.75,0.25,0,0,,,,,,,0,0.0,54.9133,-0.58,54.91,27.17,27.75,0.483511,0.516489,0.385394,0.614606,0.426706,0.573294,14.0,14.0,1,1,cfb-week1-v7-game-lock-2026-08-30,0.042042,0.026875,0.218512,0.068739,0.436919,0.432933,0.520679,0.453703,5.578877,5.622972,7.731617,6.377807,1.857178,2.006393,2.520532,1.81644,0.541675,0.640485,0.583201,0.279035,0.039091,-0.010561,0.307788,0.316432,0,,DEFERRED_TO_FILTER,,,,,,,,0,,DEFERRED_TO_FILTER,,,,,,,,,0,,DEFERRED_TO_FILTER,57.5,,,,,,,,1,-165.0,0.483511,0.5990922844175491,-0.11558128441754911,-0.2234520303030303,0.0,0.0,1,140.0,0.516489,0.4009077155824508,0.11558128441754917,0.23957359999999994,0.17112399999999997,0.05,1,-3.5,-115.0,0.385394,0.5108342361863489,-0.12544023618634892,-0.2794807826086957,0.0,0.0,1,3.5,-105.0,0.614606,0.4891657638136511,0.12544023618634886,0.19994504761904752,0.20994229999999992,0.05,1,57.5,-105.0,0.426706,0.4891657638136511,-0.06245976381365115,-0.16690733333333335,0.0,0.0,1,57.5,-115.0,0.573294,0.5108342361863489,0.06245976381365104,0.07181052173913033,0.0825820999999999,0.05,ESPN BET,1
2025,2,3,401757235,2025-09-13,18:00,Merrimack Warriors,Kennesaw State Owls,0,Fifth Third Stadium,open_air,,draftkings,-17.5,44.5,0,0,1,2.5,338,,2,1,0,0,-11.3852,-0.9157,-7.9695,,,,1,1,23.527,0.90325,0.09675,,16.988,-16.988,16.988,17.5,0.5,0.0,0.2778,0.2222,0,0,0,0,0,0,0.0,0.0,0.0,0,,,,,,,,0,0.0,11.6979,39.7563,44.5,0.75,0.25,0,0,,,,,,,0,0.0,43.3141,11.7,43.31,27.51,15.81,0.7983,0.2017,0.339277,0.660723,0.466246,0.533754,14.0,14.0,1,1,cfb-week1-v7-game-lock-2026-08-30,-0.093063,-0.004248,0.148921,0.036096,0.374809,0.398231,0.47241,0.43019,5.713816,5.565304,6.652923,5.961318,1.200147,1.624055,2.214735,1.875203,0.323818,0.365091,0.629035,0.372046,-0.090174,0.043634,0.296249,0.293933,0,,DEFERRED_TO_FILTER,,,,,,,,0,,DEFERRED_TO_FILTER,,,,,,,,,0,,DEFERRED_TO_FILTER,44.5,,,,,,,,1,-1000.0,0.7983,0.8641975308641975,-0.06589753086419747,-0.12186999999999992,0.0,0.0,1,600.0,0.2017,0.13580246913580246,0.06589753086419753,0.41189999999999993,0.06864999999999999,0.05,1,-17.5,-120.0,0.339277,0.5217391304347826,-0.1824621304347826,-0.3779921666666666,0.0,0.0,1,17.5,100.0,0.660723,0.4782608695652174,0.18246213043478254,0.3214459999999999,0.3214459999999999,0.05,1,44.5,-110.0,0.466246,0.5,-0.033754000000000006,-0.10989400000000005,0.0,0.0,1,44.5,-110.0,0.533754,0.5,0.03375399999999995,0.018984909090909052,0.020883399999999955,0.020883399999999955,ESPN BET,1
2025,2,3,401757256,2025-09-13,17:00,Liberty Flames,Bowling Green Falcons,0,Doyt L. Perry Stadium,open_air,Artificial,draftkings,6.5,51.5,0,0,1,2.5,189,2335,2,2,0,0,1.2932,5.9316,-2.1384,,,,1,1,26.131,0.54822,0.45178,,1.283,-1.283,1.283,-6.5,0.5,0.0,0.2778,0.2222,0,0,0,0,0,0,0.0,0.0,0.0,0,,,,,,,,0,0.0,-3.3688,45.2376,51.5,0.75,0.25,0,0,,,,,,,0,0.0,49.9344,-3.37,49.93,23.28,26.65,0.404921,0.595079,0.588488,0.411512,0.455479,0.544521,14.0,14.0,1,1,cfb-week1-v7-game-lock-2026-08-30,0.001878,0.110738,0.001156,0.030953,0.439261,0.454292,0.403926,0.419818,5.368993,6.292845,5.820543,5.940628,1.884234,2.081204,1.96322,1.938745,0.398818,0.461318,0.716535,0.729035,0.043421,0.083555,0.321927,0.397142,0,,DEFERRED_TO_FILTER,,,,,,,,0,,DEFERRED_TO_FILTER,,,,,,,,,0,,DEFERRED_TO_FILTER,51.5,,,,,,,,1,190.0,0.404921,0.33248081841432225,0.07244018158567772,0.1742708999999999,0.09172152631578942,0.05,1,-225.0,0.595079,0.6675191815856777,-0.07244018158567767,-0.1404414444444444,0.0,0.0,1,6.5,-110.0,0.588488,0.5,0.08848800000000001,0.12347709090909098,0.13582480000000008,0.05,1,-6.5,-110.0,0.411512,0.5,-0.08848800000000001,-0.2143861818181818,0.0,0.0,1,51.5,-105.0,0.455479,0.4891657638136511,-0.0336867638136511,-0.11073147619047624,0.0,0.0,1,51.5,-115.0,0.544521,0.5108342361863489,0.0336867638136511,0.018017521739130404,0.02072014999999997,0.02072014999999997,ESPN BET,1
2025,2,3,401757257,2025-09-13,18:30,New Mexico State Aggies,Louisiana Tech Bulldogs,0,Joe Aillet Stadium,open_air,Artificial,draftkings,-10.5,42.5,0,0,1,2.5,2348,166,2,2,0,0,-2.0278,3.8207,-3.3486,,,,1,1,24.956,0.78299,0.21701,,8.541,-8.541,8.541,10.5,0.5,0.0,0.2778,0.2222,0,0,0,0,0,0,0.0,0.0,0.0,0,,,,,,,,0,0.0,6.8784,35.017,42.5,0.75,0.25,0,0,,,,,,,0,0.0,40.6293,6.88,40.63,23.75,16.88,0.688397,0.311603,0.397938,0.602062,0.44685,0.55315,14.0,14.0,1,1,cfb-week1-v7-game-lock-2026-08-30,-0.105678,-0.011305,-0.048155,-0.065238,0.386215,0.387267,0.412989,0.409937,4.817424,5.227035,5.502424,5.170184,1.458281,1.746355,1.50452,1.380761,0.523818,0.565485,0.479035,0.404035,-0.130631,-0.110508,0.26534,0.325713,0,,DEFERRED_TO_FILTER,,,,,,,,0,,DEFERRED_TO_FILTER,,,,,,,,,0,,DEFERRED_TO_FILTER,42.5,,,,,,,,1,-380.0,0.688397,0.7553516819571866,-0.06695468195718657,-0.1304458947368421,0.0,0.0,1,290.0,0.311603,0.24464831804281348,0.06695468195718654,0.21525170000000016,0.07422472413793109,0.05,1,-10.5,-110.0,0.397938,0.5,-0.10206199999999999,-0.24030018181818175,0.0,0.0,1,10.5,-110.0,0.602062,0.5,0.10206199999999999,0.14939109090909097,0.16433020000000007,0.05,1,42.5,-105.0,0.44685,0.48427672955974843,-0.037426729559748406,-0.12757857142857149,0.0,0.0,1,42.5,-120.0,0.55315,0.5157232704402516,0.03742672955974846,0.014108333333333445,0.016930000000000132,0.016930000000000132,ESPN BET,1
2025,2,3,401757258,2025-09-13,14:00,Middle Tennessee Blue Raiders,Nevada Wolf Pack,0,Mackay Stadium,open_air,Artificial,draftkings,-9.5,49.5,0,0,1,2.5,2440,2393,2,2,0,0,-4.11,-11.4187,9.8086,,,,1,1,15.698,0.78283,0.21717,,8.614,-8.614,8.614,9.5,0.5,0.0,0.2778,0.2222,0,0,0,0,0,0,0.0,0.0,0.0,0,,,,,,,,0,0.0,9.3225,45.1709,49.5,0.75,0.25,0,0,,,,,,,0,0.0,48.4177,9.32,48.42,28.87,19.55,0.74726,0.25274,0.494941,0.505059,0.46919,0.53081,14.0,14.0,1,1,cfb-week1-v7-game-lock-2026-08-30,-0.02811,-0.111838,0.081803,0.122356,0.437965,0.392197,0.46523,0.458388,5.544364,4.598414,6.213597,6.369749,1.527416,1.44892,2.326857,2.552614,0.440485,0.648818,0.505225,0.716535,-0.019619,-0.062637,0.361323,0.263032,0,,DEFERRED_TO_FILTER,,,,,,,,0,,DEFERRED_TO_FILTER,,,,,,,,,0,,DEFERRED_TO_FILTER,49.5,,,,,,,,1,-340.0,0.74726,0.7408716136631331,0.006388386336866891,-0.032957647058823425,0.0,0.0,1,270.0,0.25274,0.2591283863368669,-0.006388386336866891,-0.06486199999999998,0.0,0.0,1,-9.5,-110.0,0.494941,0.5,-0.00505899999999998,-0.055112636363636225,0.0,0.0,1,9.5,-110.0,0.505059,0.5,0.005059000000000036,-0.03579645454545444,0.0,0.0,1,49.5,-105.0,0.46919,0.4891657638136511,-0.019975763813651126,-0.08396238095238101,0.0,0.0,1,49.5,-115.0,0.53081,0.5108342361863489,0.01997576381365107,-0.007616086956521828,0.0,0.0,ESPN BET,1
2025,2,3,401760368,2025-09-13,19:45,Air Force Falcons,Utah State Aggies,0,Maverik Stadium,open_air,Artificial,draftkings,3.5,51.5,0,0,1,2.5,328,2005,2,1,0,0,-5.7071,14.8034,-18.0106,,,,1,1,39.445,0.61355,0.38645,,2.864,-2.864,2.864,-3.5,0.5,0.0,0.2778,0.2222,0,0,0,0,0,0,0.0,0.0,0.0,0,,,,,,,,0,0.0,-4.9568,47.46,51.5,0.75,0.25,0,0,,,,,,,0,0.0,50.49,-4.96,50.49,22.77,27.72,0.361648,0.638352,0.458562,0.541438,0.471244,0.528756,14.0,14.0,1,1,cfb-week1-v7-game-lock-2026-08-30,-0.009495,0.174901,0.090725,-0.009671,0.400403,0.53447,0.468762,0.435746,5.14583,6.210955,6.266506,5.273944,1.755987,2.436555,2.352831,1.708536,0.544652,0.698424,0.537963,0.483157,0.060895,0.160173,0.230212,0.444727,0,,DEFERRED_TO_FILTER,,,,,,,,0,,DEFERRED_TO_FILTER,,,,,,,,,0,,DEFERRED_TO_FILTER,51.5,,,,,,,,1,155.0,0.361648,0.3766105054509415,-0.014962505450941466,-0.07779760000000002,0.0,0.0,1,-185.0,0.638352,0.6233894945490583,0.014962505450941688,-0.016592864864864776,0.0,0.0,1,3.5,-105.0,0.458562,0.4891657638136511,-0.030603763813651097,-0.1047122857142857,0.0,0.0,1,-3.5,-115.0,0.541438,0.5108342361863489,0.03060376381365104,0.012253652173912943,0.014091699999999888,0.014091699999999888,1,51.5,-105.0,0.471244,0.4891657638136511,-0.017921763813651126,-0.07995219047619051,0.0,0.0,1,51.5,-115.0,0.528756,0.5108342361863489,0.01792176381365107,-0.011456173913043544,0.0,0.0,ESPN BET,1
2025,2,3,401760369,2025-09-13,19:00,Southern Jaguars,Fresno State Bulldogs,0,Valley Children's Stadium,open_air,Artificial,draftkings,-35.5,50.5,0,0,1,2.5,278,,2,0,0,1,2.2996,0.0,,,,,1,1,27.605,0.99166,0.834,,40.542,-40.542,40.542,35.5,0.6429,0.0,0.3571,0.0,0,0,0,0,0,0,0.0,0.0,0.0,0,,,,,,,,0,0.0,37.3007,44.1021,50.5,0.75,0.25,0,0,,,,,,,0,0.0,48.9005,37.3,48.9,43.1,5.8,0.996143,0.003857,0.551172,0.448828,0.45452,0.54548,14.0,14.0,1,1,cfb-week1-v7-game-lock-2026-08-30,0.068286,0.015935,0.049698,0.055624,0.45006,0.431299,0.45986,0.4475,6.243286,5.640036,6.110284,5.900129,1.886908,1.880616,1.810248,2.092155,0.373818,0.548056,0.601951,0.5614,0.091861,0.004445,0.307103,0.332326,0,,CURRENT_LINE_MISSING,,,,,,,,0,,DEFERRED_TO_FILTER,,,,,,,,,0,,DEFERRED_TO_FILTER,50.5,,,,,,,,0,,,,,,,,0,,,,,,,,1,-35.5,100.0,0.551172,0.4782608695652174,0.07291113043478259,0.10234399999999999,0.10234399999999999,0.05,1,35.5,-120.0,0.448828,0.5217391304347826,-0.07291113043478259,-0.17714866666666657,0.0,0.0,1,50.5,-110.0,0.45452,0.5,-0.04548000000000002,-0.13227999999999995,0.0,0.0,1,50.5,-110.0,0.54548,0.5,0.045479999999999965,0.04137090909090907,0.04550799999999997,0.04550799999999997,ESPN BET,1
2025,2,3,401760370,2025-09-13,17:59,Portland State Vikings,Hawai'i Rainbow Warriors,0,Clarence T.C. Ching Athletics Complex,open_air,Grass,draftkings,-36.5,54.5,0,0,1,2.5,62,,2,1,0,0,3.0715,-22.4835,28.055,,,,1,1,27.672,0.96586,0.03414,,27.376,-27.376,27.376,36.5,0.5,0.0,0.2778,0.2222,0,0,0,0,0,0,0.0,0.0,0.0,0,,,,,,,,0,0.0,32.0889,48.0412,54.5,0.75,0.25,0,0,,,,,,,0,0.0,52.8853,32.09,52.89,42.49,10.4,0.989049,0.010951,0.376351,0.623649,0.45409,0.54591,14.0,14.0,1,1,cfb-week1-v7-game-lock-2026-08-30,-0.000261,-0.195639,0.027945,0.231215,0.44734,0.352348,0.444492,0.508978,5.668664,4.204689,5.888802,6.973439,2.082764,1.269888,1.748349,3.253991,0.537455,,0.404035,0.657761,0.014398,-0.212109,0.336467,0.248146,0,,DEFERRED_TO_FILTER,,,,,,,,0,,DEFERRED_TO_FILTER,,,,,,,,,0,,DEFERRED_TO_FILTER,54.5,,,,,,,,1,-100000.0,0.989049,0.9761672341134735,0.012881765886526453,-0.009961951000000153,0.0,0.0,1,4000.0,0.010951,0.023832765886526507,-0.012881765886526507,-0.5510089999999999,0.0,0.0,1,-36.5,-110.0,0.376351,0.5,-0.12364900000000001,-0.2815117272727273,0.0,0.0,1,36.5,-110.0,0.623649,0.5,0.12364900000000001,0.1906026363636364,0.2096629,0.05,1,54.5,-120.0,0.45409,0.5217391304347826,-0.0676491304347826,-0.1675016666666666,0.0,0.0,1,54.5,100.0,0.54591,0.4782608695652174,0.0676491304347826,0.09182000000000001,0.09182000000000001,0.05,ESPN BET,1
2025,2,3,401761604,2025-09-13,19:30,East Carolina Pirates,Coastal Carolina Chanticleers,0,Brooks Stadium (SC),open_air,Artificial,draftkings,7.5,56.5,0,0,1,2.5,324,151,2,2,0,0,3.0272,10.6774,-5.1501,,,,1,1,41.05,0.19894,0.80106,,-9.428,9.428,-9.428,-7.5,0.5,0.0,0.2778,0.2222,0,0,0,0,0,0,0.0,0.0,0.0,0,,,,,,,,0,0.0,-7.5134,38.7635,56.5,0.75,0.25,0,0,,,,,,,0,0.0,52.0659,-7.51,52.07,22.28,29.79,0.295748,0.704252,0.499619,0.500381,0.375727,0.624273,14.0,14.0,1,1,cfb-week1-v7-game-lock-2026-08-30,-0.045174,0.075639,-0.088931,-0.032026,0.416258,0.446858,0.393763,0.423799,5.545312,5.877115,5.127182,5.033042,1.345093,2.476226,1.51625,1.403909,0.461318,0.528283,0.579035,0.362368,-0.007042,0.04018,0.310397,0.362324,0,,DEFERRED_TO_FILTER,,,,,,,,0,,DEFERRED_TO_FILTER,,,,,,,,,0,,DEFERRED_TO_FILTER,56.5,,,,,,,,1,220.0,0.295748,0.299837925445705,-0.004089925445704967,-0.05360639999999994,0.0,0.0,1,-270.0,0.704252,0.700162074554295,0.004089925445704967,-0.034913925925926015,0.0,0.0,1,7.5,-115.0,0.499619,0.5108342361863489,-0.011215236186348954,-0.06592969565217394,0.0,0.0,1,-7.5,-105.0,0.500381,0.4891657638136511,0.011215236186348843,-0.023065666666666762,0.0,0.0,1,56.5,-115.0,0.375727,0.5108342361863489,-0.13510723618634896,-0.29755386956521757,0.0,0.0,1,56.5,-105.0,0.624273,0.4891657638136511,0.13510723618634884,0.2188187142857142,0.22975964999999993,0.05,ESPN BET,1
2025,2,3,401761605,2025-09-13,19:00,Murray State Racers,Georgia State Panthers,0,Center Parc Stadium,open_air,Artificial,draftkings,-31.5,63.5,0,0,1,2.5,2247,,2,0,0,1,-13.1445,0.0,,,,,1,1,12.152,0.97038,0.02962,,28.708,-28.708,28.708,31.5,0.6429,0.0,0.3571,0.0,0,0,0,0,0,0,0.0,0.0,0.0,0,,,,,,,,0,0.0,30.5029,46.8543,63.5,0.75,0.25,0,0,,,,,,,0,0.0,59.3386,30.5,59.34,44.92,14.42,0.985326,0.014674,0.47161,0.52839,0.38314,0.61686,14.0,14.0,1,1,cfb-week1-v7-game-lock-2026-08-30,-0.049518,0.015935,0.199286,0.055624,0.403282,0.431299,0.497543,0.4475,5.711252,5.640036,6.849827,5.900129,1.387265,1.880616,2.788545,2.092155,0.273818,0.548056,0.707606,0.5614,-0.024228,0.004445,0.284736,0.332326,0,,CURRENT_LINE_MISSING,,,,,,,,0,,DEFERRED_TO_FILTER,,,,,,,,,0,,DEFERRED_TO_FILTER,63.5,,,,,,,,0,,,,,,,,0,,,,,,,,1,-31.5,-105.0,0.47161,0.4891657638136511,-0.01755576381365115,-0.07923761904761911,0.0,0.0,1,31.5,-115.0,0.52839,0.5108342361863489,0.017555763813651093,-0.012140434782608733,0.0,0.0,1,63.5,-110.0,0.38314,0.5,-0.11686000000000002,-0.26855090909090906,0.0,0.0,1,63.5,-110.0,0.61686,0.5,0.11685999999999996,0.17764181818181812,0.1954059999999999,0.05,ESPN BET,1
2025,2,3,401761606,2025-09-13,18:00,Eastern Kentucky Colonels,Marshall Thundering Herd,0,Joan C. Edwards Stadium,open_air,Artificial,draftkings,-17.5,51.5,0,0,1,2.5,276,,2,1,0,0,-9.4382,-12.1857,5.2475,,,,1,1,24.802,0.87539,0.12461,,14.452,-14.452,14.452,17.5,0.5,0.0,0.2778,0.2222,0,0,0,0,0,0,0.0,0.0,0.0,0,,,,,,,,0,0.0,13.9306,44.7807,51.5,0.75,0.25,0,0,,,,,,,0,0.0,49.8202,13.93,49.82,31.88,17.94,0.840142,0.159858,0.399377,0.600623,0.452246,0.547754,14.0,14.0,1,1,cfb-week1-v7-game-lock-2026-08-30,-0.070204,-0.069862,0.135119,0.132564,0.383747,0.376906,0.452602,0.510398,5.093654,4.790343,6.551376,7.2045,1.410749,1.507983,2.271787,2.597425,0.607152,0.698424,0.612368,0.594269,-0.070002,-0.068515,0.27045,0.317743,0,,DEFERRED_TO_FILTER,,,,,,,,0,,DEFERRED_TO_FILTER,,,,,,,,,0,,DEFERRED_TO_FILTER,51.5,,,,,,,,1,-600.0,0.840142,0.8108108108108107,0.02933118918918931,-0.019834333333333204,0.0,0.0,1,400.0,0.159858,0.1891891891891892,-0.0293311891891892,-0.20070999999999994,0.0,0.0,1,-17.5,-110.0,0.399377,0.5,-0.10062300000000002,-0.23755300000000001,0.0,0.0,1,17.5,-110.0,0.600623,0.5,0.10062300000000002,0.14664390909090919,0.1613083000000001,0.05,1,51.5,100.0,0.452246,0.4782608695652174,-0.026014869565217424,-0.09550800000000009,0.0,0.0,1,51.5,-120.0,0.547754,0.5217391304347826,0.02601486956521737,0.004215666666666673,0.0050588000000000065,0.0050588000000000065,ESPN BET,1
2025,2,3,401761607,2025-09-13,18:00,App State Mountaineers,Southern Miss Golden Eagles,0,M. M. Roberts Stadium,open_air,Artificial,draftkings,2.5,56.5,0,0,1,2.5,2572,2026,2,2,0,0,1.0002,6.6984,-3.1983,,,,1,1,26.367,0.40726,0.59274,,-2.304,2.304,-2.304,-2.5,0.5,0.0,0.2778,0.2222,0,0,0,0,0,0,0.0,0.0,0.0,0,,,,,,,,0,0.0,-2.6007,41.7361,56.5,0.75,0.25,0,0,,,,,,,0,0.0,52.809,-2.6,52.81,25.1,27.7,0.426314,0.573686,0.49713,0.50287,0.396028,0.603972,14.0,14.0,1,1,cfb-week1-v7-game-lock-2026-08-30,-0.008572,0.041157,0.020034,-0.007064,0.424227,0.476099,0.418833,0.421483,5.336038,6.323443,5.803434,5.08344,1.815857,1.809559,1.873069,1.759973,0.573818,0.482152,0.667924,0.636178,0.00298,0.049489,0.363051,0.372236,0,,DEFERRED_TO_FILTER,,,,,,,,0,,DEFERRED_TO_FILTER,,,,,,,,,0,,DEFERRED_TO_FILTER,56.5,,,,,,,,1,125.0,0.426314,0.42888402625820565,-0.0025700262582056266,-0.04079349999999993,0.0,0.0,1,-145.0,0.573686,0.5711159737417943,0.002570026258205682,-0.030668482758620608,0.0,0.0,1,2.5,100.0,0.49713,0.4782608695652174,0.01886913043478261,-0.005739999999999912,0.0,0.0,1,-2.5,-120.0,0.50287,0.5217391304347826,-0.018869130434782555,-0.07807166666666654,0.0,0.0,1,56.5,-105.0,0.396028,0.4891657638136511,-0.09313776381365113,-0.22680247619047617,0.0,0.0,1,56.5,-115.0,0.603972,0.5108342361863489,0.09313776381365102,0.12916504347826074,0.1485397999999999,0.05,ESPN BET,1
2025,2,3,401761608,2025-09-13,11:00,Memphis Tigers,Troy Trojans,0,Veterans Memorial Stadium (AL),open_air,Artificial,draftkings,4.5,51.5,0,0,1,2.5,2653,235,2,2,0,0,1.5698,7.9073,-3.8376,,,,1,1,48.539,0.25651,0.74349,,-7.033,7.033,-7.033,-4.5,0.5,0.0,0.2778,0.2222,0,0,0,0,0,0,0.0,0.0,0.0,0,,,,,,,,0,0.0,-5.0564,42.3177,51.5,0.75,0.25,0,0,,,,,,,0,0.0,49.2044,-5.06,49.2,22.07,27.13,0.358986,0.641014,0.484149,0.515851,0.434877,0.565123,14.0,14.0,1,1,cfb-week1-v7-game-lock-2026-08-30,0.001741,0.082327,-0.038637,0.00035,0.43538,0.44947,0.429757,0.420852,5.380613,6.069148,5.625534,5.912344,1.609823,2.177416,1.82854,1.743815,0.345247,0.690485,0.529035,0.429035,-0.013535,0.030794,0.345119,0.397648,0,,DEFERRED_TO_FILTER,,,,,,,,0,,DEFERRED_TO_FILTER,,,,,,,,,0,,DEFERRED_TO_FILTER,51.5,,,,,,,,1,165.0,0.358986,0.36341238065906994,-0.004426380659069917,-0.04868709999999998,0.0,0.0,1,-195.0,0.641014,0.6365876193409301,0.004426380659069862,-0.030260871794871858,0.0,0.0,1,4.5,-110.0,0.484149,0.5,-0.015851000000000004,-0.07571554545454545,0.0,0.0,1,-4.5,-110.0,0.515851,0.5,0.01585099999999995,-0.015193545454545487,0.0,0.0,1,51.5,-115.0,0.434877,0.5108342361863489,-0.07595723618634892,-0.1869690869565218,0.0,0.0,1,51.5,-105.0,0.565123,0.4891657638136511,0.07595723618634892,0.10333538095238104,0.1085021500000001,0.05,ESPN BET,1
2025,2,3,401762463,2025-09-13,19:30,Akron Zips,UAB Blazers,0,Protective Stadium,open_air,Artificial,draftkings,-13.5,59.5,0,0,1,2.5,5,2006,2,2,0,0,1.314,-17.2586,21.0726,,,,1,1,14.089,0.80607,0.19393,,9.676,-9.676,9.676,13.5,0.5,0.0,0.2778,0.2222,0,0,0,0,0,0,0.0,0.0,0.0,0,,,,,,,,0,0.0,14.1206,52.6386,59.5,0.75,0.25,0,0,,,,,,,0,0.0,57.7847,14.12,57.78,35.95,21.83,0.84342,0.15658,0.517678,0.482322,0.451242,0.548758,14.0,14.0,1,1,cfb-week1-v7-game-lock-2026-08-30,0.257794,-0.150962,0.272733,0.176489,0.503318,0.384825,0.52175,0.490175,6.913509,4.388078,7.116545,6.923586,2.752416,0.952416,3.031402,2.418307,0.544652,0.273818,0.729035,0.445701,0.174085,-0.080719,0.387658,0.231611,0,,DEFERRED_TO_FILTER,,,,,,,,0,,DEFERRED_TO_FILTER,,,,,,,,,0,,DEFERRED_TO_FILTER,59.5,,,,,,,,1,-550.0,0.84342,0.8024316109422492,0.04098838905775071,-0.00323090909090909,0.0,0.0,1,380.0,0.15658,0.19756838905775076,-0.04098838905775076,-0.24841600000000008,0.0,0.0,1,-13.5,-110.0,0.517678,0.5,0.01767799999999997,-0.011705636363636363,0.0,0.0,1,13.5,-110.0,0.482322,0.5,-0.017678000000000027,-0.07920345454545463,0.0,0.0,1,59.5,-105.0,0.451242,0.4891657638136511,-0.037923763813651146,-0.11900371428571443,0.0,0.0,1,59.5,-115.0,0.548758,0.5108342361863489,0.037923763813651035,0.025938869565217237,0.029829699999999827,0.029829699999999827,ESPN BET,1
2025,2,3,401762464,2025-09-13,18:00,Monmouth Hawks,Charlotte 49ers,0,Jerry Richardson Stadium,open_air,Artificial,draftkings,-2.5,65.5,0,0,1,2.5,2429,,2,0,0,1,-7.7756,0.0,,,,,1,1,9.049,0.73476,0.26524,,6.468,-6.468,6.468,2.5,0.6429,0.0,0.3571,0.0,0,0,0,0,0,0,0.0,0.0,0.0,0,,,,,,,,0,0.0,3.9171,43.2202,65.5,0.75,0.25,0,0,,,,,,,0,0.0,59.93,3.92,59.93,31.92,28.01,0.610183,0.389817,0.540314,0.459686,0.345369,0.654631,14.0,14.0,1,1,cfb-week1-v7-game-lock-2026-08-30,-0.058547,0.015935,0.064835,0.055624,0.390555,0.431299,0.455684,0.4475,4.7692,5.640036,5.778777,5.900129,1.285108,1.880616,2.258675,2.092155,0.398818,0.548056,0.604035,0.5614,-0.164231,0.004445,0.347682,0.332326,0,,DEFERRED_TO_FILTER,,,,,,,,0,,DEFERRED_TO_FILTER,,,,,,,,,0,,DEFERRED_TO_FILTER,65.5,,,,,,,,1,-130.0,0.610183,0.5427435387673957,0.06743946123260436,0.07955453846153848,0.10342090000000004,0.05,1,110.0,0.389817,0.4572564612326044,-0.06743946123260436,-0.18138429999999983,0.0,0.0,1,-2.5,-105.0,0.540314,0.4891657638136511,0.05114823618634884,0.05489876190476184,0.05764369999999994,0.05,1,2.5,-115.0,0.459686,0.5108342361863489,-0.05114823618634895,-0.1405870434782609,0.0,0.0,1,65.5,-105.0,0.345369,0.4891657638136511,-0.14379676381365114,-0.32570814285714283,0.0,0.0,1,65.5,-115.0,0.654631,0.5108342361863489,0.14379676381365103,0.22387534782608676,0.2574566499999998,0.05,ESPN BET,1
2025,2,3,401762465,2025-09-13,19:00,Navy Midshipmen,Tulsa Golden Hurricane,0,Chapman Stadium,open_air,Artificial,draftkings,13.5,53.5,0,0,1,2.5,202,2426,2,2,0,0,7.2587,13.3685,-3.6098,,,,1,1,37.205,0.22065,0.77935,,-8.221,8.221,-8.221,-13.5,0.5,0.0,0.2778,0.2222,0,0,0,0,0,0,0.0,0.0,0.0,0,,,,,,,,0,0.0,-9.8358,47.3625,53.5,0.75,0.25,0,0,,,,,,,0,0.0,51.9656,-9.84,51.97,21.06,30.9,0.241166,0.758834,0.603235,0.396765,0.456364,0.543636,14.0,14.0,1,1,cfb-week1-v7-game-lock-2026-08-30,0.05761,0.210651,-0.023668,0.081875,0.466642,0.511014,0.422929,0.431611,5.779599,6.737526,5.099044,5.886584,2.039537,2.811507,1.654508,1.731402,0.523818,0.69604,0.487368,0.591535,-0.002964,0.187208,0.336323,0.38414,0,,DEFERRED_TO_FILTER,,,,,,,,0,,DEFERRED_TO_FILTER,,,,,,,,,0,,DEFERRED_TO_FILTER,53.5,,,,,,,,1,400.0,0.241166,0.1891891891891892,0.05197681081081079,0.20582999999999996,0.05145749999999999,0.05,1,-600.0,0.758834,0.8108108108108107,-0.051976810810810736,-0.11469366666666661,0.0,0.0,1,13.5,-105.0,0.603235,0.4891657638136511,0.11406923618634884,0.17774452380952366,0.18663174999999985,0.05,1,-13.5,-115.0,0.396765,0.5108342361863489,-0.11406923618634895,-0.2582219565217392,0.0,0.0,1,53.5,-105.0,0.456364,0.4891657638136511,-0.03280176381365113,-0.10900361904761907,0.0,0.0,1,53.5,-115.0,0.543636,0.5108342361863489,0.032801763813651075,0.01636295652173908,0.018817399999999946,0.018817399999999946,ESPN BET,1
2025,2,3,401762466,2025-09-13,18:00,Prairie View A&M Panthers,Rice Owls,0,Rice Stadium,open_air,Artificial,draftkings,-29.5,48.5,0,0,1,2.5,242,,2,0,0,1,-6.3043,0.0,,,,,1,1,12.472,0.97658,0.02342,,30.841,-30.841,30.841,29.5,0.6429,0.0,0.3571,0.0,0,0,0,0,0,0,0.0,0.0,0.0,0,,,,,,,,0,0.0,29.9789,42.8078,48.5,0.75,0.25,0,0,,,,,,,0,0.0,47.077,29.98,47.08,38.53,8.55,0.983877,0.016123,0.513645,0.486355,0.459519,0.540481,14.0,14.0,1,1,cfb-week1-v7-game-lock-2026-08-30,-0.112515,0.015935,0.055788,0.055624,0.418278,0.431299,0.409847,0.4475,4.836253,5.640036,6.05577,5.900129,1.347715,1.880616,2.124351,2.092155,0.523818,0.548056,0.629035,0.5614,-0.040371,0.004445,0.277223,0.332326,0,,DEFERRED_TO_FILTER,,,,,,,,0,,DEFERRED_TO_FILTER,,,,,,,,,0,,DEFERRED_TO_FILTER,48.5,,,,,,,,1,-10000.0,0.983877,0.9626064420584968,0.021270557941503232,-0.00628422999999999,0.0,0.0,1,2500.0,0.016123,0.03739355794150315,-0.02127055794150315,-0.580802,0.0,0.0,1,-29.5,-110.0,0.513645,0.5,0.013645000000000018,-0.01940499999999995,0.0,0.0,1,29.5,-110.0,0.486355,0.5,-0.013645000000000018,-0.07150409090909088,0.0,0.0,1,48.5,-115.0,0.459519,0.5108342361863489,-0.05131523618634892,-0.14089926086956528,0.0,0.0,1,48.5,-105.0,0.540481,0.4891657638136511,0.05131523618634887,0.05522480952380948,0.057986049999999956,0.05,ESPN BET,1
2025,2,3,401762467,2025-09-13,14:30,Incarnate Word Cardinals,UTSA Roadrunners,0,Alamodome,dome,Artificial,draftkings,-21.5,62.5,0,0,1,2.5,2636,,2,0,0,1,5.684,0.0,,,,,1,1,32.444,0.8949,0.1051,,16.065,-16.065,16.065,21.5,0.6429,0.0,0.3571,0.0,0,0,0,0,0,0,0.0,0.0,0.0,0,,,,,,,,0,0.0,19.5589,47.4849,62.5,0.75,0.25,0,0,,,,,,,0,0.0,58.7462,19.56,58.75,39.15,19.59,0.918803,0.081197,0.444864,0.555136,0.394301,0.605699,14.0,14.0,1,1,cfb-week1-v7-game-lock-2026-08-30,0.101653,0.015935,0.025852,0.055624,0.428088,0.431299,0.427963,0.4475,6.144903,5.640036,5.718926,5.900129,2.30063,1.880616,1.98485,2.092155,0.627985,0.548056,0.695701,0.5614,0.159283,0.004445,0.300807,0.332326,0,,DEFERRED_TO_FILTER,,,,,,,,0,,DEFERRED_TO_FILTER,,,,,,,,,0,,DEFERRED_TO_FILTER,62.5,,,,,,,,1,-1400.0,0.918803,0.8880597014925373,0.030743298507462713,-0.015568214285714282,0.0,0.0,1,750.0,0.081197,0.11194029850746268,-0.03074329850746267,-0.3098255,0.0,0.0,1,-21.5,-115.0,0.444864,0.5108342361863489,-0.06597023618634895,-0.16829773913043494,0.0,0.0,1,21.5,-105.0,0.555136,0.4891657638136511,0.06597023618634884,0.08383695238095223,0.08802879999999985,0.05,1,62.5,-105.0,0.394301,0.4891657638136511,-0.09486476381365111,-0.23017423809523807,0.0,0.0,1,62.5,-115.0,0.605699,0.5108342361863489,0.09486476381365105,0.1323937826086955,0.15225284999999986,0.05,ESPN BET,1
2025,2,3,401762817,2025-09-13,12:00,Buffalo Bulls,Kent State Golden Flashes,0,Dix Stadium,open_air,Artificial,draftkings,24.5,47.5,0,0,1,2.5,2309,2084,2,2,0,0,-5.6184,4.094,-7.2124,,,,1,1,11.899,0.15075,0.84925,,-12.317,12.317,-12.317,-24.5,0.5,0.0,0.2778,0.2222,0,0,0,0,0,0,0.0,0.0,0.0,0,,,,,,,,0,0.0,-17.2741,44.4638,47.5,0.75,0.25,0,0,,,,,,,0,0.0,46.7409,-17.27,46.74,14.73,32.01,0.108626,0.891374,0.697119,0.302881,0.478381,0.521619,14.0,14.0,1,1,cfb-week1-v7-game-lock-2026-08-30,-0.067058,0.006026,0.083508,0.018859,0.388676,0.426013,0.436084,0.416232,5.577794,5.312362,6.174409,5.321933,1.560749,2.202416,2.27917,1.690493,0.523818,0.440485,0.421892,0.445701,-0.04716,0.013652,0.274021,0.348129,0,,DEFERRED_TO_FILTER,,,,,,,,0,,DEFERRED_TO_FILTER,,,,,,,,,0,,DEFERRED_TO_FILTER,47.5,,,,,,,,1,1500.0,0.108626,0.059929494712103404,0.048696505287896596,0.7380159999999999,0.04920106666666666,0.04920106666666666,1,-5000.0,0.891374,0.9400705052878965,-0.048696505287896485,-0.09079851999999998,0.0,0.0,1,24.5,-105.0,0.697119,0.4891657638136511,0.20795323618634892,0.3610418571428572,0.37909395000000007,0.05,1,-24.5,-115.0,0.302881,0.5108342361863489,-0.20795323618634892,-0.4337442173913044,0.0,0.0,1,47.5,-115.0,0.478381,0.5108342361863489,-0.03245323618634893,-0.10563552173913054,0.0,0.0,1,47.5,-105.0,0.521619,0.4891657638136511,0.03245323618634893,0.018399000000000054,0.019318950000000057,0.019318950000000057,ESPN BET,1
2025,2,3,401762818,2025-09-13,14:00,New Hampshire Wildcats,Ball State Cardinals,0,Scheumann Stadium,open_air,Artificial,draftkings,-2.5,46.5,0,0,1,2.5,2050,,2,0,0,1,-21.8796,0.0,,,,,1,1,10.714,0.71263,0.28737,,5.686,-5.686,5.686,2.5,0.6429,0.0,0.3571,0.0,0,0,0,0,0,0,0.0,0.0,0.0,0,,,,,,,,0,0.0,3.6379,43.4037,46.5,0.75,0.25,0,0,,,,,,,0,0.0,45.7259,3.64,45.73,24.68,21.04,0.602509,0.397491,0.532389,0.467611,0.477953,0.522047,14.0,14.0,1,1,cfb-week1-v7-game-lock-2026-08-30,-0.183096,0.015935,0.203469,0.055624,0.320584,0.431299,0.507525,0.4475,4.234999,5.640036,6.776113,5.900129,1.010108,1.880616,2.56559,2.092155,0.273818,0.548056,0.679035,0.5614,-0.232712,0.004445,0.269443,0.332326,0,,DEFERRED_TO_FILTER,,,,,,,,0,,DEFERRED_TO_FILTER,,,,,,,,,0,,DEFERRED_TO_FILTER,46.5,,,,,,,,1,-135.0,0.602509,0.552594002855783,0.04991499714421699,0.04881196296296286,0.06589614999999986,0.05,1,115.0,0.397491,0.447405997144217,-0.049914997144217044,-0.14539435,0.0,0.0,1,-2.5,-120.0,0.532389,0.5217391304347826,0.010649869565217407,-0.023953499999999905,0.0,0.0,1,2.5,100.0,0.467611,0.4782608695652174,-0.010649869565217407,-0.064778,0.0,0.0,1,46.5,105.0,0.477953,0.4675324675324676,0.01042053246753244,-0.020196349999999974,0.0,0.0,1,46.5,-125.0,0.522047,0.5324675324675325,-0.010420532467532495,-0.06031539999999991,0.0,0.0,ESPN BET,1
2025,2,3,401762819,2025-09-13,15:30,Morgan State Bears,Toledo Rockets,0,Glass Bowl,open_air,Artificial,draftkings,-33.5,54.5,0,0,1,2.5,2649,,2,1,0,0,3.9657,-3.7213,10.187,,,,1,1,34.455,0.98095,0.01905,,32.916,-32.916,32.916,33.5,0.5,0.0,0.2778,0.2222,0,0,0,0,0,0,0.0,0.0,0.0,0,,,,,,,,0,0.0,28.1571,47.3717,54.5,0.75,0.25,0,0,,,,,,,0,0.0,52.7179,28.16,52.72,40.44,12.28,0.977849,0.022151,0.351366,0.648634,0.449355,0.550645,14.0,14.0,1,1,cfb-week1-v7-game-lock-2026-08-30,0.074358,0.03069,0.030679,0.121528,0.443672,0.431013,0.444658,0.481381,6.072892,5.450721,5.706615,6.156881,1.994083,1.906252,1.90747,2.430758,0.586318,0.698424,0.68082,0.638713,0.078646,-0.063822,0.327798,0.325069,0,,DEFERRED_TO_FILTER,,,,,,,,0,,DEFERRED_TO_FILTER,,,,,,,,,0,,DEFERRED_TO_FILTER,54.5,,,,,,,,1,-50000.0,0.977849,0.9729203826820173,0.004928617317982664,-0.02019530200000003,0.0,0.0,1,3500.0,0.022151,0.027079617317982814,-0.004928617317982813,-0.20256399999999997,0.0,0.0,1,-33.5,-115.0,0.351366,0.5108342361863489,-0.15946823618634892,-0.34309834782608695,0.0,0.0,1,33.5,-105.0,0.648634,0.4891657638136511,0.15946823618634892,0.2663806666666667,0.27969970000000005,0.05,1,54.5,-115.0,0.449355,0.5108342361863489,-0.06147923618634893,-0.15990152173913053,0.0,0.0,1,54.5,-105.0,0.550645,0.4891657638136511,0.06147923618634893,0.07506880952380957,0.07882225000000005,0.05,ESPN BET,1
2025,2,3,401767131,2025-09-13,18:00,Mercyhurst Lakers,Sacramento State Hornets,0,Hornet Stadium,open_air,Artificial,draftkings,-21.5,57.5,0,0,1,2.5,16,,2,0,0,1,-7.893,0.0,,,,,0,0,,,,,,,,21.5,1.0,0.0,0.0,0.0,0,0,0,0,0,0,0.0,0.0,0.0,0,,,,,,,,0,0.0,21.5,40.502,57.5,0.75,0.25,0,0,,,,,,,0,0.0,53.2505,21.5,53.25,37.38,15.88,0.937696,0.062304,0.5,0.5,0.380741,0.619259,14.0,14.0,1,1,cfb-week1-v7-game-lock-2026-08-30,-0.151297,0.015935,0.021846,0.055624,0.372926,0.431299,0.45789,0.4475,5.268134,5.640036,5.916708,5.900129,1.260108,1.880616,1.810947,2.092155,0.357152,0.548056,0.445701,0.5614,-0.143235,0.004445,0.254,0.332326,0,,CURRENT_LINE_MISSING,,,,,,,,0,,DEFERRED_TO_FILTER,,,,,,,,,0,,DEFERRED_TO_FILTER,57.5,,,,,,,,0,,,,,,,,0,,,,,,,,1,-21.5,-105.0,0.5,0.4891657638136511,0.010834236186348878,-0.023809523809523836,0.0,0.0,1,21.5,-115.0,0.5,0.5108342361863489,-0.010834236186348933,-0.0652173913043479,0.0,0.0,1,57.5,-110.0,0.380741,0.5,-0.119259,-0.27313081818181817,0.0,0.0,1,57.5,-110.0,0.619259,0.5,0.119259,0.18222172727272734,0.20044390000000006,0.05,ESPN BET,1
2025,2,3,401767217,2025-09-13,14:30,Southeast Missouri State Redhawks,North Dakota State Bison,0,Fargodome,dome,Artificial,draftkings,-31.5,54.5,0,0,1,2.5,2449,,2,1,0,0,23.3552,-0.9655,26.8207,,,,0,0,,,,,,,,31.5,0.6923,0.0,0.0,0.3077,0,0,0,0,0,0,0.0,0.0,0.0,0,,,,,,,,0,0.0,30.0602,49.1866,54.5,0.75,0.25,0,0,,,,,,,0,0.0,53.1717,30.06,53.17,41.62,11.56,0.98411,0.01589,0.459044,0.540956,0.462204,0.537796,14.0,14.0,1,1,cfb-week1-v7-game-lock-2026-08-30,0.177202,0.080317,-0.209177,0.125388,0.482798,0.434396,0.367416,0.456481,6.501262,5.586871,4.501577,6.250861,2.902416,2.130999,1.084973,2.435809,0.688104,0.698424,0.279035,0.649824,0.121012,0.02939,0.333545,0.317743,0,,CURRENT_LINE_MISSING,,,,,,,,0,,DEFERRED_TO_FILTER,,,,,,,,,0,,DEFERRED_TO_FILTER,54.5,,,,,,,,0,,,,,,,,0,,,,,,,,1,-31.5,-105.0,0.459044,0.4891657638136511,-0.030121763813651115,-0.10377123809523808,0.0,0.0,1,31.5,-115.0,0.540956,0.5108342361863489,0.03012176381365106,0.011352521739130372,0.01305539999999993,0.01305539999999993,1,54.5,-120.0,0.462204,0.5217391304347826,-0.05953513043478259,-0.15262599999999987,0.0,0.0,1,54.5,100.0,0.537796,0.4782608695652174,0.059535130434782646,0.0755920000000001,0.0755920000000001,0.05,ESPN BET,1
